id;time;agent;agentid;state;radius;x;y;z;cellpart;cellpart_id;
4;0;FungalCellAlveolus;0;FungalOnAEC1;1.39;-108.037;-40.3696;16.4476;Mothercell;basic;
4;30;FungalCellAlveolus;0;OnAEC1Swelling;1.39805;-108.037;-40.3696;16.4476;Mothercell;basic;
4;60;FungalCellAlveolus;0;OnAEC1Swelling;1.41416;-108.037;-40.3696;16.4476;Mothercell;basic;
4;90;FungalCellAlveolus;0;OnAEC1Swelling;1.46005;-108.037;-40.3696;16.4476;Mothercell;basic;
4;120;FungalCellAlveolus;0;OnAEC1Swelling;1.57516;-108.037;-40.3696;16.4476;Mothercell;basic;
4;150;FungalCellAlveolus;0;OnAEC1Swelling;1.79048;-108.037;-40.3696;16.4476;Mothercell;basic;
4;180;FungalCellAlveolus;0;OnAEC1Swelling;2.03627;-108.037;-40.3696;16.4476;Mothercell;basic;
4;210;FungalCellAlveolus;0;OnAEC1Swelling;2.19832;-108.037;-40.3696;16.4476;Mothercell;basic;
4;240;FungalCellAlveolus;0;OnAEC1Swelling;2.27035;-108.037;-40.3696;16.4476;Mothercell;basic;
4;270;FungalCellAlveolus;0;OnAEC1Swelling;2.29669;-108.037;-40.3696;16.4476;Mothercell;basic;
4;300;FungalCellAlveolus;0;OnAEC1Swelling;2.30562;-108.037;-40.3696;16.4476;Mothercell;basic;
4;330;FungalCellAlveolus;0;OnAEC1Swelling;2.30857;-108.037;-40.3696;16.4476;Mothercell;basic;
4;360;FungalCellAlveolus;0;OnAEC1Swelling;2.30953;-108.037;-40.3696;16.4476;Mothercell;basic;
4;390;FungalCellAlveolus;0;OnAEC1Swelling;2.30985;-108.037;-40.3696;16.4476;Mothercell;basic;
4;420;FungalCellAlveolus;0;OnAEC1Swelling;2.30995;-108.037;-40.3696;16.4476;Mothercell;basic;
4;450;FungalCellAlveolus;0;OnAEC1Swelling;2.30998;-108.037;-40.3696;16.4476;Mothercell;basic;
4;480;FungalCellAlveolus;0;OnAEC1Swelling;2.30999;-108.037;-40.3696;16.4476;Mothercell;basic;
5;0;FungalCellAlveolus;0;FungalOnAEC1;1.39;7.78029;-113.025;27.1477;Mothercell;basic;
5;30;FungalCellAlveolus;0;OnAEC1Swelling;1.39802;7.78029;-113.025;27.1477;Mothercell;basic;
5;60;FungalCellAlveolus;0;OnAEC1Swelling;1.41407;7.78029;-113.025;27.1477;Mothercell;basic;
5;90;FungalCellAlveolus;0;OnAEC1Swelling;1.45981;7.78029;-113.025;27.1477;Mothercell;basic;
5;120;FungalCellAlveolus;0;OnAEC1Swelling;1.57461;7.78029;-113.025;27.1477;Mothercell;basic;
5;150;FungalCellAlveolus;0;OnAEC1Swelling;1.78964;7.78029;-113.025;27.1477;Mothercell;basic;
5;180;FungalCellAlveolus;0;OnAEC1Swelling;2.03555;7.78029;-113.025;27.1477;Mothercell;basic;
5;210;FungalCellAlveolus;0;OnAEC1Swelling;2.19795;7.78029;-113.025;27.1477;Mothercell;basic;
5;240;FungalCellAlveolus;0;OnAEC1Swelling;2.2702;7.78029;-113.025;27.1477;Mothercell;basic;
5;270;FungalCellAlveolus;0;OnAEC1Swelling;2.29664;7.78029;-113.025;27.1477;Mothercell;basic;
5;300;FungalCellAlveolus;0;OnAEC1Swelling;2.3056;7.78029;-113.025;27.1477;Mothercell;basic;
5;330;FungalCellAlveolus;0;OnAEC1Swelling;2.30856;7.78029;-113.025;27.1477;Mothercell;basic;
5;360;FungalCellAlveolus;0;OnAEC1Swelling;2.30953;7.78029;-113.025;27.1477;Mothercell;basic;
5;390;FungalCellAlveolus;0;OnAEC1Swelling;2.30985;7.78029;-113.025;27.1477;Mothercell;basic;
5;420;FungalCellAlveolus;0;OnAEC1Swelling;2.30995;7.78029;-113.025;27.1477;Mothercell;basic;
5;450;FungalCellAlveolus;0;OnAEC1Swelling;2.30998;7.78029;-113.025;27.1477;Mothercell;basic;
5;480;FungalCellAlveolus;0;OnAEC1Swelling;2.30999;7.78029;-113.025;27.1477;Mothercell;basic;
3;0;FungalCellAlveolus;0;FungalOnAEC1;1.39;82.0674;76.6882;30.9211;Mothercell;basic;
3;30;FungalCellAlveolus;0;OnAEC1Swelling;1.39802;82.0674;76.6882;30.9211;Mothercell;basic;
3;60;FungalCellAlveolus;0;OnAEC1Swelling;1.41407;82.0674;76.6882;30.9211;Mothercell;basic;
3;90;FungalCellAlveolus;0;OnAEC1Swelling;1.45981;82.0674;76.6882;30.9211;Mothercell;basic;
3;120;FungalCellAlveolus;0;OnAEC1Swelling;1.57461;82.0674;76.6882;30.9211;Mothercell;basic;
3;150;FungalCellAlveolus;0;OnAEC1Swelling;1.78964;82.0674;76.6882;30.9211;Mothercell;basic;
3;180;FungalCellAlveolus;0;OnAEC1Swelling;2.03555;82.0674;76.6882;30.9211;Mothercell;basic;
3;210;FungalCellAlveolus;0;OnAEC1Swelling;2.19795;82.0674;76.6882;30.9211;Mothercell;basic;
3;240;FungalCellAlveolus;0;OnAEC1Swelling;2.2702;82.0674;76.6882;30.9211;Mothercell;basic;
3;270;FungalCellAlveolus;0;OnAEC1Swelling;2.29664;82.0674;76.6882;30.9211;Mothercell;basic;
3;300;FungalCellAlveolus;0;OnAEC1Swelling;2.3056;82.0674;76.6882;30.9211;Mothercell;basic;
3;330;FungalCellAlveolus;0;OnAEC1Swelling;2.30856;82.0674;76.6882;30.9211;Mothercell;basic;
3;360;FungalCellAlveolus;0;OnAEC1Swelling;2.30953;82.0674;76.6882;30.9211;Mothercell;basic;
3;390;FungalCellAlveolus;0;OnAEC1Swelling;2.30985;82.0674;76.6882;30.9211;Mothercell;basic;
3;420;FungalCellAlveolus;0;OnAEC1Swelling;2.30995;82.0674;76.6882;30.9211;Mothercell;basic;
3;450;FungalCellAlveolus;0;OnAEC1Swelling;2.30998;82.0674;76.6882;30.9211;Mothercell;basic;
3;480;FungalCellAlveolus;0;OnAEC1Swelling;2.30999;82.0674;76.6882;30.9211;Mothercell;basic;
2;0;FungalCellAlveolus;0;FungalOnAEC2;1.39;-104.259;-40.7053;32.3317;Mothercell;basic;
2;30;FungalCellAlveolus;0;OnAEC2Swelling;1.39802;-104.259;-40.7053;32.3317;Mothercell;basic;
2;60;FungalCellAlveolus;0;OnAEC2Swelling;1.41407;-104.259;-40.7053;32.3317;Mothercell;basic;
2;90;FungalCellAlveolus;0;OnAEC2Swelling;1.45981;-104.259;-40.7053;32.3317;Mothercell;basic;
2;120;FungalCellAlveolus;0;OnAEC2Swelling;1.57461;-104.259;-40.7053;32.3317;Mothercell;basic;
2;150;FungalCellAlveolus;0;OnAEC2Swelling;1.78964;-104.259;-40.7053;32.3317;Mothercell;basic;
2;180;FungalCellAlveolus;0;OnAEC2Swelling;2.03555;-104.259;-40.7053;32.3317;Mothercell;basic;
2;210;FungalCellAlveolus;0;OnAEC2Swelling;2.19795;-104.259;-40.7053;32.3317;Mothercell;basic;
2;240;FungalCellAlveolus;0;OnAEC2Swelling;2.2702;-104.259;-40.7053;32.3317;Mothercell;basic;
2;270;FungalCellAlveolus;0;UptakenByAEC2;1.7859;-106.497;-41.5788;33.0255;Mothercell;basic;
2;300;FungalCellAlveolus;0;UptakenByAEC2;1.7859;-106.497;-41.5788;33.0255;Mothercell;basic;
2;330;FungalCellAlveolus;0;UptakenByAEC2;1.7859;-106.497;-41.5788;33.0255;Mothercell;basic;
2;360;FungalCellAlveolus;0;UptakenByAEC2;1.7859;-106.497;-41.5788;33.0255;Mothercell;basic;
2;390;FungalCellAlveolus;0;UptakenByAEC2;1.7859;-106.497;-41.5788;33.0255;Mothercell;basic;
2;420;FungalCellAlveolus;0;UptakenByAEC2;1.7859;-106.497;-41.5788;33.0255;Mothercell;basic;
2;450;FungalCellAlveolus;0;UptakenByAEC2;1.7859;-106.497;-41.5788;33.0255;Mothercell;basic;
2;480;FungalCellAlveolus;0;UptakenByAEC2;1.7859;-106.497;-41.5788;33.0255;Mothercell;basic;
1;0;FungalCellAlveolus;0;FungalOnAEC1;1.39;-111.28;31.9434;-12.982;Mothercell;basic;
1;30;FungalCellAlveolus;0;OnAEC1Swelling;1.39805;-111.28;31.9434;-12.982;Mothercell;basic;
1;60;FungalCellAlveolus;0;OnAEC1Swelling;1.41416;-111.28;31.9434;-12.982;Mothercell;basic;
1;90;FungalCellAlveolus;0;OnAEC1Swelling;1.46005;-111.28;31.9434;-12.982;Mothercell;basic;
1;120;FungalCellAlveolus;0;OnAEC1Swelling;1.57516;-111.28;31.9434;-12.982;Mothercell;basic;
1;150;FungalCellAlveolus;0;OnAEC1Swelling;1.79048;-111.28;31.9434;-12.982;Mothercell;basic;
1;180;FungalCellAlveolus;0;OnAEC1Swelling;2.03627;-111.28;31.9434;-12.982;Mothercell;basic;
1;210;FungalCellAlveolus;0;OnAEC1Swelling;2.19832;-111.28;31.9434;-12.982;Mothercell;basic;
1;240;FungalCellAlveolus;0;OnAEC1Swelling;2.27035;-111.28;31.9434;-12.982;Mothercell;basic;
1;270;FungalCellAlveolus;0;OnAEC1Swelling;2.29669;-111.28;31.9434;-12.982;Mothercell;basic;
1;300;FungalCellAlveolus;0;OnAEC1Swelling;2.30562;-111.28;31.9434;-12.982;Mothercell;basic;
1;330;FungalCellAlveolus;0;OnAEC1Swelling;2.30857;-111.28;31.9434;-12.982;Mothercell;basic;
1;360;FungalCellAlveolus;0;OnAEC1Swelling;2.30953;-111.28;31.9434;-12.982;Mothercell;basic;
1;390;FungalCellAlveolus;0;OnAEC1Swelling;2.30985;-111.28;31.9434;-12.982;Mothercell;basic;
1;420;FungalCellAlveolus;0;OnAEC1Swelling;2.30995;-111.28;31.9434;-12.982;Mothercell;basic;
1;450;FungalCellAlveolus;0;OnAEC1Swelling;2.30998;-111.28;31.9434;-12.982;Mothercell;basic;
1;480;FungalCellAlveolus;0;OnAEC1Swelling;2.30999;-111.28;31.9434;-12.982;Mothercell;basic;
6;0;FungalCellAlveolus;0;FungalOnAEC1;1.39;89.9219;66.1802;33.2639;Mothercell;basic;
6;30;FungalCellAlveolus;0;OnAEC1Swelling;1.39802;89.9219;66.1802;33.2639;Mothercell;basic;
6;60;FungalCellAlveolus;0;OnAEC1Swelling;1.41407;89.9219;66.1802;33.2639;Mothercell;basic;
6;90;FungalCellAlveolus;0;OnAEC1Swelling;1.45981;89.9219;66.1802;33.2639;Mothercell;basic;
6;120;FungalCellAlveolus;0;OnAEC1Swelling;1.57461;89.9219;66.1802;33.2639;Mothercell;basic;
6;150;FungalCellAlveolus;0;OnAEC1Swelling;1.78964;89.9219;66.1802;33.2639;Mothercell;basic;
6;180;FungalCellAlveolus;0;OnAEC1Swelling;2.03555;89.9219;66.1802;33.2639;Mothercell;basic;
6;210;FungalCellAlveolus;0;OnAEC1Swelling;2.19795;89.9219;66.1802;33.2639;Mothercell;basic;
6;240;FungalCellAlveolus;0;OnAEC1Swelling;2.2702;89.9219;66.1802;33.2639;Mothercell;basic;
6;270;FungalCellAlveolus;0;OnAEC1Swelling;2.29664;89.9219;66.1802;33.2639;Mothercell;basic;
6;300;FungalCellAlveolus;0;OnAEC1Swelling;2.3056;89.9219;66.1802;33.2639;Mothercell;basic;
6;330;FungalCellAlveolus;0;OnAEC1Swelling;2.30856;89.9219;66.1802;33.2639;Mothercell;basic;
6;360;FungalCellAlveolus;0;OnAEC1Swelling;2.30953;89.9219;66.1802;33.2639;Mothercell;basic;
6;390;FungalCellAlveolus;0;OnAEC1Swelling;2.30985;89.9219;66.1802;33.2639;Mothercell;basic;
6;420;FungalCellAlveolus;0;OnAEC1Swelling;2.30995;89.9219;66.1802;33.2639;Mothercell;basic;
6;450;FungalCellAlveolus;0;OnAEC1Swelling;2.30998;89.9219;66.1802;33.2639;Mothercell;basic;
6;480;FungalCellAlveolus;0;OnAEC1Swelling;2.30999;89.9219;66.1802;33.2639;Mothercell;basic;
7;0;FungalCellAlveolus;0;FungalOnAEC1;1.39;-74.7367;88.4072;-13.071;Mothercell;basic;
7;30;FungalCellAlveolus;0;OnAEC1Swelling;1.39805;-74.7367;88.4072;-13.071;Mothercell;basic;
7;60;FungalCellAlveolus;0;OnAEC1Swelling;1.41416;-74.7367;88.4072;-13.071;Mothercell;basic;
7;90;FungalCellAlveolus;0;OnAEC1Swelling;1.46005;-74.7367;88.4072;-13.071;Mothercell;basic;
7;120;FungalCellAlveolus;0;OnAEC1Swelling;1.57516;-74.7367;88.4072;-13.071;Mothercell;basic;
7;150;FungalCellAlveolus;0;OnAEC1Swelling;1.79048;-74.7367;88.4072;-13.071;Mothercell;basic;
7;180;FungalCellAlveolus;0;OnAEC1Swelling;2.03627;-74.7367;88.4072;-13.071;Mothercell;basic;
7;210;FungalCellAlveolus;0;OnAEC1Swelling;2.19832;-74.7367;88.4072;-13.071;Mothercell;basic;
7;240;FungalCellAlveolus;0;OnAEC1Swelling;2.27035;-74.7367;88.4072;-13.071;Mothercell;basic;
7;270;FungalCellAlveolus;0;OnAEC1Swelling;2.29669;-74.7367;88.4072;-13.071;Mothercell;basic;
7;300;FungalCellAlveolus;0;OnAEC1Swelling;2.30562;-74.7367;88.4072;-13.071;Mothercell;basic;
7;330;FungalCellAlveolus;0;OnAEC1Swelling;2.30857;-74.7367;88.4072;-13.071;Mothercell;basic;
7;360;FungalCellAlveolus;0;OnAEC1Swelling;2.30953;-74.7367;88.4072;-13.071;Mothercell;basic;
7;390;FungalCellAlveolus;0;OnAEC1Swelling;2.30985;-74.7367;88.4072;-13.071;Mothercell;basic;
7;420;FungalCellAlveolus;0;OnAEC1Swelling;2.30995;-74.7367;88.4072;-13.071;Mothercell;basic;
7;450;FungalCellAlveolus;0;OnAEC1Swelling;2.30998;-74.7367;88.4072;-13.071;Mothercell;basic;
7;480;FungalCellAlveolus;0;OnAEC1Swelling;2.30999;-74.7367;88.4072;-13.071;Mothercell;basic;
8;0;FungalCellAlveolus;0;OnAEC1Swelling;1.39;-24.8285;9.73559;-113.406;Mothercell;basic;
8;30;FungalCellAlveolus;0;OnAEC1Swelling;1.39805;-24.8285;9.73559;-113.406;Mothercell;basic;
8;60;FungalCellAlveolus;0;OnAEC1Swelling;1.41416;-24.8285;9.73559;-113.406;Mothercell;basic;
8;90;FungalCellAlveolus;0;OnAEC1Swelling;1.46005;-24.8285;9.73559;-113.406;Mothercell;basic;
8;120;FungalCellAlveolus;0;OnAEC1Swelling;1.57516;-24.8285;9.73559;-113.406;Mothercell;basic;
8;150;FungalCellAlveolus;0;OnAEC1Swelling;1.79048;-24.8285;9.73559;-113.406;Mothercell;basic;
8;180;FungalCellAlveolus;0;OnAEC1Swelling;2.03627;-24.8285;9.73559;-113.406;Mothercell;basic;
8;210;FungalCellAlveolus;0;OnAEC1Swelling;2.19832;-24.8285;9.73559;-113.406;Mothercell;basic;
8;240;FungalCellAlveolus;0;OnAEC1Swelling;2.27035;-24.8285;9.73559;-113.406;Mothercell;basic;
8;270;FungalCellAlveolus;0;OnAEC1Swelling;2.29669;-24.8285;9.73559;-113.406;Mothercell;basic;
8;300;FungalCellAlveolus;0;OnAEC1Swelling;2.30562;-24.8285;9.73559;-113.406;Mothercell;basic;
8;330;FungalCellAlveolus;0;OnAEC1Swelling;2.30857;-24.8285;9.73559;-113.406;Mothercell;basic;
8;360;FungalCellAlveolus;0;OnAEC1Swelling;2.30953;-24.8285;9.73559;-113.406;Mothercell;basic;
8;390;FungalCellAlveolus;0;OnAEC1Swelling;2.30985;-24.8285;9.73559;-113.406;Mothercell;basic;
8;420;FungalCellAlveolus;0;OnAEC1Swelling;2.30995;-24.8285;9.73559;-113.406;Mothercell;basic;
8;450;FungalCellAlveolus;0;OnAEC1Swelling;2.30998;-24.8285;9.73559;-113.406;Mothercell;basic;
8;480;FungalCellAlveolus;0;OnAEC1Swelling;2.30999;-24.8285;9.73559;-113.406;Mothercell;basic;
9;0;FungalCellAlveolus;0;FungalOnAEC1;1.39;-109.881;38.6572;2.00406;Mothercell;basic;
9;30;FungalCellAlveolus;0;OnAEC1Swelling;1.39802;-109.881;38.6572;2.00406;Mothercell;basic;
9;60;FungalCellAlveolus;0;OnAEC1Swelling;1.41407;-109.881;38.6572;2.00406;Mothercell;basic;
9;90;FungalCellAlveolus;0;OnAEC1Swelling;1.45981;-109.881;38.6572;2.00406;Mothercell;basic;
9;120;FungalCellAlveolus;0;OnAEC1Swelling;1.57461;-109.881;38.6572;2.00406;Mothercell;basic;
9;150;FungalCellAlveolus;0;OnAEC1Swelling;1.78964;-109.881;38.6572;2.00406;Mothercell;basic;
9;180;FungalCellAlveolus;0;OnAEC1Swelling;2.03555;-109.881;38.6572;2.00406;Mothercell;basic;
9;210;FungalCellAlveolus;0;OnAEC1Swelling;2.19795;-109.881;38.6572;2.00406;Mothercell;basic;
9;240;FungalCellAlveolus;0;OnAEC1Swelling;2.2702;-109.881;38.6572;2.00406;Mothercell;basic;
9;270;FungalCellAlveolus;0;OnAEC1Swelling;2.29664;-109.881;38.6572;2.00406;Mothercell;basic;
9;300;FungalCellAlveolus;0;OnAEC1Swelling;2.3056;-109.881;38.6572;2.00406;Mothercell;basic;
9;330;FungalCellAlveolus;0;OnAEC1Swelling;2.30856;-109.881;38.6572;2.00406;Mothercell;basic;
9;360;FungalCellAlveolus;0;OnAEC1Swelling;2.30953;-109.881;38.6572;2.00406;Mothercell;basic;
9;390;FungalCellAlveolus;0;OnAEC1Swelling;2.30985;-109.881;38.6572;2.00406;Mothercell;basic;
9;420;FungalCellAlveolus;0;OnAEC1Swelling;2.30995;-109.881;38.6572;2.00406;Mothercell;basic;
9;450;FungalCellAlveolus;0;OnAEC1Swelling;2.30998;-109.881;38.6572;2.00406;Mothercell;basic;
9;480;FungalCellAlveolus;0;OnAEC1Swelling;2.30999;-109.881;38.6572;2.00406;Mothercell;basic;
10;0;FungalCellAlveolus;0;FungalOnAEC1;1.39;-56.1556;100.223;19.3439;Mothercell;basic;
10;30;FungalCellAlveolus;0;OnAEC1Swelling;1.39802;-56.1556;100.223;19.3439;Mothercell;basic;
10;60;FungalCellAlveolus;0;OnAEC1Swelling;1.41407;-56.1556;100.223;19.3439;Mothercell;basic;
10;90;FungalCellAlveolus;0;OnAEC1Swelling;1.45981;-56.1556;100.223;19.3439;Mothercell;basic;
10;120;FungalCellAlveolus;0;OnAEC1Swelling;1.57461;-56.1556;100.223;19.3439;Mothercell;basic;
10;150;FungalCellAlveolus;0;OnAEC1Swelling;1.78964;-56.1556;100.223;19.3439;Mothercell;basic;
10;180;FungalCellAlveolus;0;OnAEC1Swelling;2.03555;-56.1556;100.223;19.3439;Mothercell;basic;
10;210;FungalCellAlveolus;0;OnAEC1Swelling;2.19795;-56.1556;100.223;19.3439;Mothercell;basic;
10;240;FungalCellAlveolus;0;OnAEC1Swelling;2.2702;-56.1556;100.223;19.3439;Mothercell;basic;
10;270;FungalCellAlveolus;0;OnAEC1Swelling;2.29664;-56.1556;100.223;19.3439;Mothercell;basic;
10;300;FungalCellAlveolus;0;OnAEC1Swelling;2.3056;-56.1556;100.223;19.3439;Mothercell;basic;
10;330;FungalCellAlveolus;0;OnAEC1Swelling;2.30856;-56.1556;100.223;19.3439;Mothercell;basic;
10;360;FungalCellAlveolus;0;OnAEC1Swelling;2.30953;-56.1556;100.223;19.3439;Mothercell;basic;
10;390;FungalCellAlveolus;0;OnAEC1Swelling;2.30985;-56.1556;100.223;19.3439;Mothercell;basic;
10;420;FungalCellAlveolus;0;OnAEC1Swelling;2.30995;-56.1556;100.223;19.3439;Mothercell;basic;
10;450;FungalCellAlveolus;0;OnAEC1Swelling;2.30998;-56.1556;100.223;19.3439;Mothercell;basic;
10;480;FungalCellAlveolus;0;OnAEC1Swelling;2.30999;-56.1556;100.223;19.3439;Mothercell;basic;
11;0;FungalCellAlveolus;0;FungalOnAEC1;1.39;-13.4945;-30.5107;-111.621;Mothercell;basic;
11;30;FungalCellAlveolus;0;OnAEC1Swelling;1.39802;-13.4945;-30.5107;-111.621;Mothercell;basic;
11;60;FungalCellAlveolus;0;OnAEC1Swelling;1.41407;-13.4945;-30.5107;-111.621;Mothercell;basic;
11;90;FungalCellAlveolus;0;OnAEC1Swelling;1.45981;-13.4945;-30.5107;-111.621;Mothercell;basic;
11;120;FungalCellAlveolus;0;OnAEC1Swelling;1.57461;-13.4945;-30.5107;-111.621;Mothercell;basic;
11;150;FungalCellAlveolus;0;OnAEC1Swelling;1.78964;-13.4945;-30.5107;-111.621;Mothercell;basic;
11;180;FungalCellAlveolus;0;OnAEC1Swelling;2.03555;-13.4945;-30.5107;-111.621;Mothercell;basic;
11;210;FungalCellAlveolus;0;OnAEC1Swelling;2.19795;-13.4945;-30.5107;-111.621;Mothercell;basic;
11;240;FungalCellAlveolus;0;OnAEC1Swelling;2.2702;-13.4945;-30.5107;-111.621;Mothercell;basic;
11;270;FungalCellAlveolus;0;OnAEC1Swelling;2.29664;-13.4945;-30.5107;-111.621;Mothercell;basic;
11;300;FungalCellAlveolus;0;OnAEC1Swelling;2.3056;-13.4945;-30.5107;-111.621;Mothercell;basic;
11;330;FungalCellAlveolus;0;OnAEC1Swelling;2.30856;-13.4945;-30.5107;-111.621;Mothercell;basic;
11;360;FungalCellAlveolus;0;OnAEC1Swelling;2.30953;-13.4945;-30.5107;-111.621;Mothercell;basic;
11;390;FungalCellAlveolus;0;OnAEC1Swelling;2.30985;-13.4945;-30.5107;-111.621;Mothercell;basic;
11;420;FungalCellAlveolus;0;OnAEC1Swelling;2.30995;-13.4945;-30.5107;-111.621;Mothercell;basic;
11;450;FungalCellAlveolus;0;OnAEC1Swelling;2.30998;-13.4945;-30.5107;-111.621;Mothercell;basic;
11;480;FungalCellAlveolus;0;OnAEC1Swelling;2.30999;-13.4945;-30.5107;-111.621;Mothercell;basic;
12;0;FungalCellAlveolus;0;OnAEC1Swelling;1.39;-114.985;-15.5241;-10.4752;Mothercell;basic;
12;30;FungalCellAlveolus;0;OnAEC1Swelling;1.39805;-114.985;-15.5241;-10.4752;Mothercell;basic;
12;60;FungalCellAlveolus;0;OnAEC1Swelling;1.41416;-114.985;-15.5241;-10.4752;Mothercell;basic;
12;90;FungalCellAlveolus;0;OnAEC1Swelling;1.46005;-114.985;-15.5241;-10.4752;Mothercell;basic;
12;120;FungalCellAlveolus;0;OnAEC1Swelling;1.57516;-114.985;-15.5241;-10.4752;Mothercell;basic;
12;150;FungalCellAlveolus;0;OnAEC1Swelling;1.79048;-114.985;-15.5241;-10.4752;Mothercell;basic;
12;180;FungalCellAlveolus;0;OnAEC1Swelling;2.03627;-114.985;-15.5241;-10.4752;Mothercell;basic;
12;210;FungalCellAlveolus;0;OnAEC1Swelling;2.19832;-114.985;-15.5241;-10.4752;Mothercell;basic;
12;240;FungalCellAlveolus;0;OnAEC1Swelling;2.27035;-114.985;-15.5241;-10.4752;Mothercell;basic;
12;270;FungalCellAlveolus;0;OnAEC1Swelling;2.29669;-114.985;-15.5241;-10.4752;Mothercell;basic;
12;300;FungalCellAlveolus;0;OnAEC1Swelling;2.30562;-114.985;-15.5241;-10.4752;Mothercell;basic;
12;330;FungalCellAlveolus;0;OnAEC1Swelling;2.30857;-114.985;-15.5241;-10.4752;Mothercell;basic;
12;360;FungalCellAlveolus;0;OnAEC1Swelling;2.30953;-114.985;-15.5241;-10.4752;Mothercell;basic;
12;390;FungalCellAlveolus;0;OnAEC1Swelling;2.30985;-114.985;-15.5241;-10.4752;Mothercell;basic;
12;420;FungalCellAlveolus;0;OnAEC1Swelling;2.30995;-114.985;-15.5241;-10.4752;Mothercell;basic;
12;450;FungalCellAlveolus;0;OnAEC1Swelling;2.30998;-114.985;-15.5241;-10.4752;Mothercell;basic;
12;480;FungalCellAlveolus;0;OnAEC1Swelling;2.30999;-114.985;-15.5241;-10.4752;Mothercell;basic;
13;0;FungalCellAlveolus;0;OnAEC1Swelling;1.39;98.7988;-50.5167;-35.4839;Mothercell;basic;
13;30;FungalCellAlveolus;0;OnAEC1Swelling;1.39805;98.7988;-50.5167;-35.4839;Mothercell;basic;
13;60;FungalCellAlveolus;0;OnAEC1Swelling;1.41416;98.7988;-50.5167;-35.4839;Mothercell;basic;
13;90;FungalCellAlveolus;0;OnAEC1Swelling;1.46005;98.7988;-50.5167;-35.4839;Mothercell;basic;
13;120;FungalCellAlveolus;0;OnAEC1Swelling;1.57516;98.7988;-50.5167;-35.4839;Mothercell;basic;
13;150;FungalCellAlveolus;0;OnAEC1Swelling;1.79048;98.7988;-50.5167;-35.4839;Mothercell;basic;
13;180;FungalCellAlveolus;0;OnAEC1Swelling;2.03627;98.7988;-50.5167;-35.4839;Mothercell;basic;
13;210;FungalCellAlveolus;0;OnAEC1Swelling;2.19832;98.7988;-50.5167;-35.4839;Mothercell;basic;
13;240;FungalCellAlveolus;0;OnAEC1Swelling;2.27035;98.7988;-50.5167;-35.4839;Mothercell;basic;
13;270;FungalCellAlveolus;0;OnAEC1Swelling;2.29669;98.7988;-50.5167;-35.4839;Mothercell;basic;
13;300;FungalCellAlveolus;0;OnAEC1Swelling;2.30562;98.7988;-50.5167;-35.4839;Mothercell;basic;
13;330;FungalCellAlveolus;0;OnAEC1Swelling;2.30857;98.7988;-50.5167;-35.4839;Mothercell;basic;
13;360;FungalCellAlveolus;0;OnAEC1Swelling;2.30953;98.7988;-50.5167;-35.4839;Mothercell;basic;
13;390;FungalCellAlveolus;0;OnAEC1Swelling;2.30985;98.7988;-50.5167;-35.4839;Mothercell;basic;
13;420;FungalCellAlveolus;0;OnAEC1Swelling;2.30995;98.7988;-50.5167;-35.4839;Mothercell;basic;
13;450;FungalCellAlveolus;0;OnAEC1Swelling;2.30998;98.7988;-50.5167;-35.4839;Mothercell;basic;
13;480;FungalCellAlveolus;0;OnAEC1Swelling;2.30999;98.7988;-50.5167;-35.4839;Mothercell;basic;
14;0;FungalCellAlveolus;0;OnAEC1Swelling;1.39;-48.3393;-101.172;31.6193;Mothercell;basic;
14;30;FungalCellAlveolus;0;OnAEC1Swelling;1.39805;-48.3393;-101.172;31.6193;Mothercell;basic;
14;60;FungalCellAlveolus;0;OnAEC1Swelling;1.41416;-48.3393;-101.172;31.6193;Mothercell;basic;
14;90;FungalCellAlveolus;0;OnAEC1Swelling;1.46005;-48.3393;-101.172;31.6193;Mothercell;basic;
14;120;FungalCellAlveolus;0;OnAEC1Swelling;1.57516;-48.3393;-101.172;31.6193;Mothercell;basic;
14;150;FungalCellAlveolus;0;OnAEC1Swelling;1.79048;-48.3393;-101.172;31.6193;Mothercell;basic;
14;180;FungalCellAlveolus;0;OnAEC1Swelling;2.03627;-48.3393;-101.172;31.6193;Mothercell;basic;
14;210;FungalCellAlveolus;0;OnAEC1Swelling;2.19832;-48.3393;-101.172;31.6193;Mothercell;basic;
14;240;FungalCellAlveolus;0;OnAEC1Swelling;2.27035;-48.3393;-101.172;31.6193;Mothercell;basic;
14;270;FungalCellAlveolus;0;OnAEC1Swelling;2.29669;-48.3393;-101.172;31.6193;Mothercell;basic;
14;300;FungalCellAlveolus;0;OnAEC1Swelling;2.30562;-48.3393;-101.172;31.6193;Mothercell;basic;
14;330;FungalCellAlveolus;0;OnAEC1Swelling;2.30857;-48.3393;-101.172;31.6193;Mothercell;basic;
14;360;FungalCellAlveolus;0;OnAEC1Swelling;2.30953;-48.3393;-101.172;31.6193;Mothercell;basic;
14;390;FungalCellAlveolus;0;OnAEC1Swelling;2.30985;-48.3393;-101.172;31.6193;Mothercell;basic;
14;420;FungalCellAlveolus;0;OnAEC1Swelling;2.30995;-48.3393;-101.172;31.6193;Mothercell;basic;
14;450;FungalCellAlveolus;0;OnAEC1Swelling;2.30998;-48.3393;-101.172;31.6193;Mothercell;basic;
14;480;FungalCellAlveolus;0;OnAEC1Swelling;2.30999;-48.3393;-101.172;31.6193;Mothercell;basic;
15;0;FungalCellAlveolus;0;FungalOnAEC1;1.39;-52.3844;-102.88;15.6136;Mothercell;basic;
15;30;FungalCellAlveolus;0;OnAEC1Swelling;1.39805;-52.3844;-102.88;15.6136;Mothercell;basic;
15;60;FungalCellAlveolus;0;OnAEC1Swelling;1.41416;-52.3844;-102.88;15.6136;Mothercell;basic;
15;90;FungalCellAlveolus;0;OnAEC1Swelling;1.46005;-52.3844;-102.88;15.6136;Mothercell;basic;
15;120;FungalCellAlveolus;0;OnAEC1Swelling;1.57516;-52.3844;-102.88;15.6136;Mothercell;basic;
15;150;FungalCellAlveolus;0;OnAEC1Swelling;1.79048;-52.3844;-102.88;15.6136;Mothercell;basic;
15;180;FungalCellAlveolus;0;OnAEC1Swelling;2.03627;-52.3844;-102.88;15.6136;Mothercell;basic;
15;210;FungalCellAlveolus;0;OnAEC1Swelling;2.19832;-52.3844;-102.88;15.6136;Mothercell;basic;
15;240;FungalCellAlveolus;0;OnAEC1Swelling;2.27035;-52.3844;-102.88;15.6136;Mothercell;basic;
15;270;FungalCellAlveolus;0;OnAEC1Swelling;2.29669;-52.3844;-102.88;15.6136;Mothercell;basic;
15;300;FungalCellAlveolus;0;OnAEC1Swelling;2.30562;-52.3844;-102.88;15.6136;Mothercell;basic;
15;330;FungalCellAlveolus;0;OnAEC1Swelling;2.30857;-52.3844;-102.88;15.6136;Mothercell;basic;
15;360;FungalCellAlveolus;0;OnAEC1Swelling;2.30953;-52.3844;-102.88;15.6136;Mothercell;basic;
15;390;FungalCellAlveolus;0;OnAEC1Swelling;2.30985;-52.3844;-102.88;15.6136;Mothercell;basic;
15;420;FungalCellAlveolus;0;OnAEC1Swelling;2.30995;-52.3844;-102.88;15.6136;Mothercell;basic;
15;450;FungalCellAlveolus;0;OnAEC1Swelling;2.30998;-52.3844;-102.88;15.6136;Mothercell;basic;
15;480;FungalCellAlveolus;0;OnAEC1Swelling;2.30999;-52.3844;-102.88;15.6136;Mothercell;basic;
16;0;FungalCellAlveolus;0;OnAEC1Swelling;1.39;-71.9304;-91.642;-0.0599658;Mothercell;basic;
16;30;FungalCellAlveolus;0;OnAEC1Swelling;1.39805;-71.9304;-91.642;-0.0599658;Mothercell;basic;
16;60;FungalCellAlveolus;0;OnAEC1Swelling;1.41416;-71.9304;-91.642;-0.0599658;Mothercell;basic;
16;90;FungalCellAlveolus;0;OnAEC1Swelling;1.46005;-71.9304;-91.642;-0.0599658;Mothercell;basic;
16;120;FungalCellAlveolus;0;OnAEC1Swelling;1.57516;-71.9304;-91.642;-0.0599658;Mothercell;basic;
16;150;FungalCellAlveolus;0;OnAEC1Swelling;1.79048;-71.9304;-91.642;-0.0599658;Mothercell;basic;
16;180;FungalCellAlveolus;0;OnAEC1Swelling;2.03627;-71.9304;-91.642;-0.0599658;Mothercell;basic;
16;210;FungalCellAlveolus;0;OnAEC1Swelling;2.19832;-71.9304;-91.642;-0.0599658;Mothercell;basic;
16;240;FungalCellAlveolus;0;OnAEC1Swelling;2.27035;-71.9304;-91.642;-0.0599658;Mothercell;basic;
16;270;FungalCellAlveolus;0;OnAEC1Swelling;2.29669;-71.9304;-91.642;-0.0599658;Mothercell;basic;
16;300;FungalCellAlveolus;0;OnAEC1Swelling;2.30562;-71.9304;-91.642;-0.0599658;Mothercell;basic;
16;330;FungalCellAlveolus;0;OnAEC1Swelling;2.30857;-71.9304;-91.642;-0.0599658;Mothercell;basic;
16;360;FungalCellAlveolus;0;OnAEC1Swelling;2.30953;-71.9304;-91.642;-0.0599658;Mothercell;basic;
16;390;FungalCellAlveolus;0;OnAEC1Swelling;2.30985;-71.9304;-91.642;-0.0599658;Mothercell;basic;
16;420;FungalCellAlveolus;0;OnAEC1Swelling;2.30995;-71.9304;-91.642;-0.0599658;Mothercell;basic;
16;450;FungalCellAlveolus;0;OnAEC1Swelling;2.30998;-71.9304;-91.642;-0.0599658;Mothercell;basic;
16;480;FungalCellAlveolus;0;OnAEC1Swelling;2.30999;-71.9304;-91.642;-0.0599658;Mothercell;basic;
17;0;FungalCellAlveolus;0;FungalOnAEC1;1.39;-29.6727;-27.8652;-109.157;Mothercell;basic;
17;30;FungalCellAlveolus;0;OnAEC1Swelling;1.39802;-29.6727;-27.8652;-109.157;Mothercell;basic;
17;60;FungalCellAlveolus;0;OnAEC1Swelling;1.41407;-29.6727;-27.8652;-109.157;Mothercell;basic;
17;90;FungalCellAlveolus;0;OnAEC1Swelling;1.45981;-29.6727;-27.8652;-109.157;Mothercell;basic;
17;120;FungalCellAlveolus;0;OnAEC1Swelling;1.57461;-29.6727;-27.8652;-109.157;Mothercell;basic;
17;150;FungalCellAlveolus;0;OnAEC1Swelling;1.78964;-29.6727;-27.8652;-109.157;Mothercell;basic;
17;180;FungalCellAlveolus;0;OnAEC1Swelling;2.03555;-29.6727;-27.8652;-109.157;Mothercell;basic;
17;210;FungalCellAlveolus;0;OnAEC1Swelling;2.19795;-29.6727;-27.8652;-109.157;Mothercell;basic;
17;240;FungalCellAlveolus;0;OnAEC1Swelling;2.2702;-29.6727;-27.8652;-109.157;Mothercell;basic;
17;270;FungalCellAlveolus;0;OnAEC1Swelling;2.29664;-29.6727;-27.8652;-109.157;Mothercell;basic;
17;300;FungalCellAlveolus;0;OnAEC1Swelling;2.3056;-29.6727;-27.8652;-109.157;Mothercell;basic;
17;330;FungalCellAlveolus;0;OnAEC1Swelling;2.30856;-29.6727;-27.8652;-109.157;Mothercell;basic;
17;360;FungalCellAlveolus;0;OnAEC1Swelling;2.30953;-29.6727;-27.8652;-109.157;Mothercell;basic;
17;390;FungalCellAlveolus;0;OnAEC1Swelling;2.30985;-29.6727;-27.8652;-109.157;Mothercell;basic;
17;420;FungalCellAlveolus;0;OnAEC1Swelling;2.30995;-29.6727;-27.8652;-109.157;Mothercell;basic;
17;450;FungalCellAlveolus;0;OnAEC1Swelling;2.30998;-29.6727;-27.8652;-109.157;Mothercell;basic;
17;480;FungalCellAlveolus;0;OnAEC1Swelling;2.30999;-29.6727;-27.8652;-109.157;Mothercell;basic;
18;0;FungalCellAlveolus;0;FungalOnAEC1;1.39;-81.3328;57.5165;-60.4076;Mothercell;basic;
18;30;FungalCellAlveolus;0;OnAEC1Swelling;1.39802;-81.3328;57.5165;-60.4076;Mothercell;basic;
18;60;FungalCellAlveolus;0;OnAEC1Swelling;1.41407;-81.3328;57.5165;-60.4076;Mothercell;basic;
18;90;FungalCellAlveolus;0;OnAEC1Swelling;1.45981;-81.3328;57.5165;-60.4076;Mothercell;basic;
18;120;FungalCellAlveolus;0;OnAEC1Swelling;1.57461;-81.3328;57.5165;-60.4076;Mothercell;basic;
18;150;FungalCellAlveolus;0;OnAEC1Swelling;1.78964;-81.3328;57.5165;-60.4076;Mothercell;basic;
18;180;FungalCellAlveolus;0;OnAEC1Swelling;2.03555;-81.3328;57.5165;-60.4076;Mothercell;basic;
18;210;FungalCellAlveolus;0;OnAEC1Swelling;2.19795;-81.3328;57.5165;-60.4076;Mothercell;basic;
18;240;FungalCellAlveolus;0;OnAEC1Swelling;2.2702;-81.3328;57.5165;-60.4076;Mothercell;basic;
18;270;FungalCellAlveolus;0;OnAEC1Swelling;2.29664;-81.3328;57.5165;-60.4076;Mothercell;basic;
18;300;FungalCellAlveolus;0;OnAEC1Swelling;2.3056;-81.3328;57.5165;-60.4076;Mothercell;basic;
18;330;FungalCellAlveolus;0;OnAEC1Swelling;2.30856;-81.3328;57.5165;-60.4076;Mothercell;basic;
18;360;FungalCellAlveolus;0;OnAEC1Swelling;2.30953;-81.3328;57.5165;-60.4076;Mothercell;basic;
18;390;FungalCellAlveolus;0;OnAEC1Swelling;2.30985;-81.3328;57.5165;-60.4076;Mothercell;basic;
18;420;FungalCellAlveolus;0;OnAEC1Swelling;2.30995;-81.3328;57.5165;-60.4076;Mothercell;basic;
18;450;FungalCellAlveolus;0;OnAEC1Swelling;2.30998;-81.3328;57.5165;-60.4076;Mothercell;basic;
18;480;FungalCellAlveolus;0;OnAEC1Swelling;2.30999;-81.3328;57.5165;-60.4076;Mothercell;basic;
19;0;FungalCellAlveolus;0;FungalOnAEC1;1.39;68.583;-91.6297;-21.7401;Mothercell;basic;
19;30;FungalCellAlveolus;0;OnAEC1Swelling;1.39805;68.583;-91.6297;-21.7401;Mothercell;basic;
19;60;FungalCellAlveolus;0;OnAEC1Swelling;1.41416;68.583;-91.6297;-21.7401;Mothercell;basic;
19;90;FungalCellAlveolus;0;OnAEC1Swelling;1.46005;68.583;-91.6297;-21.7401;Mothercell;basic;
19;120;FungalCellAlveolus;0;OnAEC1Swelling;1.57516;68.583;-91.6297;-21.7401;Mothercell;basic;
19;150;FungalCellAlveolus;0;OnAEC1Swelling;1.79048;68.583;-91.6297;-21.7401;Mothercell;basic;
19;180;FungalCellAlveolus;0;OnAEC1Swelling;2.03627;68.583;-91.6297;-21.7401;Mothercell;basic;
19;210;FungalCellAlveolus;0;OnAEC1Swelling;2.19832;68.583;-91.6297;-21.7401;Mothercell;basic;
19;240;FungalCellAlveolus;0;OnAEC1Swelling;2.27035;68.583;-91.6297;-21.7401;Mothercell;basic;
19;270;FungalCellAlveolus;0;OnAEC1Swelling;2.29669;68.583;-91.6297;-21.7401;Mothercell;basic;
19;300;FungalCellAlveolus;0;OnAEC1Swelling;2.30562;68.583;-91.6297;-21.7401;Mothercell;basic;
19;330;FungalCellAlveolus;0;OnAEC1Swelling;2.30857;68.583;-91.6297;-21.7401;Mothercell;basic;
19;360;FungalCellAlveolus;0;OnAEC1Swelling;2.30953;68.583;-91.6297;-21.7401;Mothercell;basic;
19;390;FungalCellAlveolus;0;OnAEC1Swelling;2.30985;68.583;-91.6297;-21.7401;Mothercell;basic;
19;420;FungalCellAlveolus;0;OnAEC1Swelling;2.30995;68.583;-91.6297;-21.7401;Mothercell;basic;
19;450;FungalCellAlveolus;0;OnAEC1Swelling;2.30998;68.583;-91.6297;-21.7401;Mothercell;basic;
19;480;FungalCellAlveolus;0;OnAEC1Swelling;2.30999;68.583;-91.6297;-21.7401;Mothercell;basic;
20;0;FungalCellAlveolus;0;OnAEC1Swelling;1.39;-8.15745;20.0805;-114.466;Mothercell;basic;
20;30;FungalCellAlveolus;0;OnAEC1Swelling;1.39805;-8.15745;20.0805;-114.466;Mothercell;basic;
20;60;FungalCellAlveolus;0;OnAEC1Swelling;1.41416;-8.15745;20.0805;-114.466;Mothercell;basic;
20;90;FungalCellAlveolus;0;OnAEC1Swelling;1.46005;-8.15745;20.0805;-114.466;Mothercell;basic;
20;120;FungalCellAlveolus;0;OnAEC1Swelling;1.57516;-8.15745;20.0805;-114.466;Mothercell;basic;
20;150;FungalCellAlveolus;0;OnAEC1Swelling;1.79048;-8.15745;20.0805;-114.466;Mothercell;basic;
20;180;FungalCellAlveolus;0;OnAEC1Swelling;2.03627;-8.15745;20.0805;-114.466;Mothercell;basic;
20;210;FungalCellAlveolus;0;OnAEC1Swelling;2.19832;-8.15745;20.0805;-114.466;Mothercell;basic;
20;240;FungalCellAlveolus;0;OnAEC1Swelling;2.27035;-8.15745;20.0805;-114.466;Mothercell;basic;
20;270;FungalCellAlveolus;0;OnAEC1Swelling;2.29669;-8.15745;20.0805;-114.466;Mothercell;basic;
20;300;FungalCellAlveolus;0;OnAEC1Swelling;2.30562;-8.15745;20.0805;-114.466;Mothercell;basic;
20;330;FungalCellAlveolus;0;OnAEC1Swelling;2.30857;-8.15745;20.0805;-114.466;Mothercell;basic;
20;360;FungalCellAlveolus;0;OnAEC1Swelling;2.30953;-8.15745;20.0805;-114.466;Mothercell;basic;
20;390;FungalCellAlveolus;0;OnAEC1Swelling;2.30985;-8.15745;20.0805;-114.466;Mothercell;basic;
20;420;FungalCellAlveolus;0;OnAEC1Swelling;2.30995;-8.15745;20.0805;-114.466;Mothercell;basic;
20;450;FungalCellAlveolus;0;OnAEC1Swelling;2.30998;-8.15745;20.0805;-114.466;Mothercell;basic;
20;480;FungalCellAlveolus;0;OnAEC1Swelling;2.30999;-8.15745;20.0805;-114.466;Mothercell;basic;
21;0;FungalCellAlveolus;0;OnAEC1Swelling;1.39;-29.2681;-89.0158;-69.223;Mothercell;basic;
21;30;FungalCellAlveolus;0;OnAEC1Swelling;1.39805;-29.2681;-89.0158;-69.223;Mothercell;basic;
21;60;FungalCellAlveolus;0;OnAEC1Swelling;1.41416;-29.2681;-89.0158;-69.223;Mothercell;basic;
21;90;FungalCellAlveolus;0;OnAEC1Swelling;1.46005;-29.2681;-89.0158;-69.223;Mothercell;basic;
21;120;FungalCellAlveolus;0;OnAEC1Swelling;1.57516;-29.2681;-89.0158;-69.223;Mothercell;basic;
21;150;FungalCellAlveolus;0;OnAEC1Swelling;1.79048;-29.2681;-89.0158;-69.223;Mothercell;basic;
21;180;FungalCellAlveolus;0;OnAEC1Swelling;2.03627;-29.2681;-89.0158;-69.223;Mothercell;basic;
21;210;FungalCellAlveolus;0;OnAEC1Swelling;2.19832;-29.2681;-89.0158;-69.223;Mothercell;basic;
21;240;FungalCellAlveolus;0;OnAEC1Swelling;2.27035;-29.2681;-89.0158;-69.223;Mothercell;basic;
21;270;FungalCellAlveolus;0;OnAEC1Swelling;2.29669;-29.2681;-89.0158;-69.223;Mothercell;basic;
21;300;FungalCellAlveolus;0;OnAEC1Swelling;2.30562;-29.2681;-89.0158;-69.223;Mothercell;basic;
21;330;FungalCellAlveolus;0;OnAEC1Swelling;2.30857;-29.2681;-89.0158;-69.223;Mothercell;basic;
21;360;FungalCellAlveolus;0;OnAEC1Swelling;2.30953;-29.2681;-89.0158;-69.223;Mothercell;basic;
21;390;FungalCellAlveolus;0;OnAEC1Swelling;2.30985;-29.2681;-89.0158;-69.223;Mothercell;basic;
21;420;FungalCellAlveolus;0;OnAEC1Swelling;2.30995;-29.2681;-89.0158;-69.223;Mothercell;basic;
21;450;FungalCellAlveolus;0;OnAEC1Swelling;2.30998;-29.2681;-89.0158;-69.223;Mothercell;basic;
21;480;FungalCellAlveolus;0;OnAEC1Swelling;2.30999;-29.2681;-89.0158;-69.223;Mothercell;basic;
22;0;FungalCellAlveolus;0;OnAEC1Swelling;1.39;-57.8861;90.2134;45.6399;Mothercell;basic;
22;30;FungalCellAlveolus;0;OnAEC1Swelling;1.39805;-57.8861;90.2134;45.6399;Mothercell;basic;
22;60;FungalCellAlveolus;0;OnAEC1Swelling;1.41416;-57.8861;90.2134;45.6399;Mothercell;basic;
22;90;FungalCellAlveolus;0;OnAEC1Swelling;1.46005;-57.8861;90.2134;45.6399;Mothercell;basic;
22;120;FungalCellAlveolus;0;OnAEC1Swelling;1.57516;-57.8861;90.2134;45.6399;Mothercell;basic;
22;150;FungalCellAlveolus;0;OnAEC1Swelling;1.79048;-57.8861;90.2134;45.6399;Mothercell;basic;
22;180;FungalCellAlveolus;0;OnAEC1Swelling;2.03627;-57.8861;90.2134;45.6399;Mothercell;basic;
22;210;FungalCellAlveolus;0;OnAEC1Swelling;2.19832;-57.8861;90.2134;45.6399;Mothercell;basic;
22;240;FungalCellAlveolus;0;OnAEC1Swelling;2.27035;-57.8861;90.2134;45.6399;Mothercell;basic;
22;270;FungalCellAlveolus;0;OnAEC1Swelling;2.29669;-57.8861;90.2134;45.6399;Mothercell;basic;
22;300;FungalCellAlveolus;0;OnAEC1Swelling;2.30562;-57.8861;90.2134;45.6399;Mothercell;basic;
22;330;FungalCellAlveolus;0;OnAEC1Swelling;2.30857;-57.8861;90.2134;45.6399;Mothercell;basic;
22;360;FungalCellAlveolus;0;OnAEC1Swelling;2.30953;-57.8861;90.2134;45.6399;Mothercell;basic;
22;390;FungalCellAlveolus;0;OnAEC1Swelling;2.30985;-57.8861;90.2134;45.6399;Mothercell;basic;
22;420;FungalCellAlveolus;0;OnAEC1Swelling;2.30995;-57.8861;90.2134;45.6399;Mothercell;basic;
22;450;FungalCellAlveolus;0;OnAEC1Swelling;2.30998;-57.8861;90.2134;45.6399;Mothercell;basic;
22;480;FungalCellAlveolus;0;OnAEC1Swelling;2.30999;-57.8861;90.2134;45.6399;Mothercell;basic;
23;0;FungalCellAlveolus;0;FungalOnAEC1;1.39;-110.72;34.8793;9.8335;Mothercell;basic;
23;30;FungalCellAlveolus;0;UptakenByAEC1;0.873714;-113.191;35.6578;10.053;Mothercell;basic;
23;60;FungalCellAlveolus;0;UptakenByAEC1;0.873714;-113.191;35.6578;10.053;Mothercell;basic;
23;90;FungalCellAlveolus;0;UptakenByAEC1;0.873714;-113.191;35.6578;10.053;Mothercell;basic;
23;120;FungalCellAlveolus;0;UptakenByAEC1;0.873714;-113.191;35.6578;10.053;Mothercell;basic;
23;150;FungalCellAlveolus;0;UptakenByAEC1;0.873714;-113.191;35.6578;10.053;Mothercell;basic;
23;180;FungalCellAlveolus;0;UptakenByAEC1;0.873714;-113.191;35.6578;10.053;Mothercell;basic;
23;210;FungalCellAlveolus;0;UptakenByAEC1;0.873714;-113.191;35.6578;10.053;Mothercell;basic;
23;240;FungalCellAlveolus;0;UptakenByAEC1;0.873714;-113.191;35.6578;10.053;Mothercell;basic;
23;270;FungalCellAlveolus;0;UptakenByAEC1;0.873714;-113.191;35.6578;10.053;Mothercell;basic;
23;300;FungalCellAlveolus;0;UptakenByAEC1;0.873714;-113.191;35.6578;10.053;Mothercell;basic;
23;330;FungalCellAlveolus;0;UptakenByAEC1;0.873714;-113.191;35.6578;10.053;Mothercell;basic;
23;360;FungalCellAlveolus;0;UptakenByAEC1;0.873714;-113.191;35.6578;10.053;Mothercell;basic;
23;390;FungalCellAlveolus;0;UptakenByAEC1;0.873714;-113.191;35.6578;10.053;Mothercell;basic;
23;420;FungalCellAlveolus;0;UptakenByAEC1;0.873714;-113.191;35.6578;10.053;Mothercell;basic;
23;450;FungalCellAlveolus;0;UptakenByAEC1;0.873714;-113.191;35.6578;10.053;Mothercell;basic;
23;480;FungalCellAlveolus;0;UptakenByAEC1;0.873714;-113.191;35.6578;10.053;Mothercell;basic;
24;0;FungalCellAlveolus;0;FungalOnAEC1;1.39;-46.0936;-106.95;3.05734;Mothercell;basic;
24;30;FungalCellAlveolus;0;OnAEC1Swelling;1.39805;-46.0936;-106.95;3.05734;Mothercell;basic;
24;60;FungalCellAlveolus;0;OnAEC1Swelling;1.41416;-46.0936;-106.95;3.05734;Mothercell;basic;
24;90;FungalCellAlveolus;0;OnAEC1Swelling;1.46005;-46.0936;-106.95;3.05734;Mothercell;basic;
24;120;FungalCellAlveolus;0;OnAEC1Swelling;1.57516;-46.0936;-106.95;3.05734;Mothercell;basic;
24;150;FungalCellAlveolus;0;OnAEC1Swelling;1.79048;-46.0936;-106.95;3.05734;Mothercell;basic;
24;180;FungalCellAlveolus;0;OnAEC1Swelling;2.03627;-46.0936;-106.95;3.05734;Mothercell;basic;
24;210;FungalCellAlveolus;0;OnAEC1Swelling;2.19832;-46.0936;-106.95;3.05734;Mothercell;basic;
24;240;FungalCellAlveolus;0;OnAEC1Swelling;2.27035;-46.0936;-106.95;3.05734;Mothercell;basic;
24;270;FungalCellAlveolus;0;OnAEC1Swelling;2.29669;-46.0936;-106.95;3.05734;Mothercell;basic;
24;300;FungalCellAlveolus;0;OnAEC1Swelling;2.30562;-46.0936;-106.95;3.05734;Mothercell;basic;
24;330;FungalCellAlveolus;0;OnAEC1Swelling;2.30857;-46.0936;-106.95;3.05734;Mothercell;basic;
24;360;FungalCellAlveolus;0;OnAEC1Swelling;2.30953;-46.0936;-106.95;3.05734;Mothercell;basic;
24;390;FungalCellAlveolus;0;OnAEC1Swelling;2.30985;-46.0936;-106.95;3.05734;Mothercell;basic;
24;420;FungalCellAlveolus;0;OnAEC1Swelling;2.30995;-46.0936;-106.95;3.05734;Mothercell;basic;
24;450;FungalCellAlveolus;0;OnAEC1Swelling;2.30998;-46.0936;-106.95;3.05734;Mothercell;basic;
24;480;FungalCellAlveolus;0;OnAEC1Swelling;2.30999;-46.0936;-106.95;3.05734;Mothercell;basic;
25;0;FungalCellAlveolus;0;OnAEC1Swelling;1.39;-96.4587;59.062;27.9222;Mothercell;basic;
25;30;FungalCellAlveolus;0;OnAEC1Swelling;1.39805;-96.4587;59.062;27.9222;Mothercell;basic;
25;60;FungalCellAlveolus;0;OnAEC1Swelling;1.41416;-96.4587;59.062;27.9222;Mothercell;basic;
25;90;FungalCellAlveolus;0;OnAEC1Swelling;1.46005;-96.4587;59.062;27.9222;Mothercell;basic;
25;120;FungalCellAlveolus;0;OnAEC1Swelling;1.57516;-96.4587;59.062;27.9222;Mothercell;basic;
25;150;FungalCellAlveolus;0;OnAEC1Swelling;1.79048;-96.4587;59.062;27.9222;Mothercell;basic;
25;180;FungalCellAlveolus;0;OnAEC1Swelling;2.03627;-96.4587;59.062;27.9222;Mothercell;basic;
25;210;FungalCellAlveolus;0;OnAEC1Swelling;2.19832;-96.4587;59.062;27.9222;Mothercell;basic;
25;240;FungalCellAlveolus;0;OnAEC1Swelling;2.27035;-96.4587;59.062;27.9222;Mothercell;basic;
25;270;FungalCellAlveolus;0;OnAEC1Swelling;2.29669;-96.4587;59.062;27.9222;Mothercell;basic;
25;300;FungalCellAlveolus;0;OnAEC1Swelling;2.30562;-96.4587;59.062;27.9222;Mothercell;basic;
25;330;FungalCellAlveolus;0;OnAEC1Swelling;2.30857;-96.4587;59.062;27.9222;Mothercell;basic;
25;360;FungalCellAlveolus;0;OnAEC1Swelling;2.30953;-96.4587;59.062;27.9222;Mothercell;basic;
25;390;FungalCellAlveolus;0;OnAEC1Swelling;2.30985;-96.4587;59.062;27.9222;Mothercell;basic;
25;420;FungalCellAlveolus;0;OnAEC1Swelling;2.30995;-96.4587;59.062;27.9222;Mothercell;basic;
25;450;FungalCellAlveolus;0;OnAEC1Swelling;2.30998;-96.4587;59.062;27.9222;Mothercell;basic;
25;480;FungalCellAlveolus;0;OnAEC1Swelling;2.30999;-96.4587;59.062;27.9222;Mothercell;basic;
26;0;FungalCellAlveolus;0;OnAEC1Swelling;1.39;-77.1481;-6.66879;-87.0399;Mothercell;basic;
26;30;FungalCellAlveolus;0;OnAEC1Swelling;1.39805;-77.1481;-6.66879;-87.0399;Mothercell;basic;
26;60;FungalCellAlveolus;0;OnAEC1Swelling;1.41416;-77.1481;-6.66879;-87.0399;Mothercell;basic;
26;90;FungalCellAlveolus;0;OnAEC1Swelling;1.46005;-77.1481;-6.66879;-87.0399;Mothercell;basic;
26;120;FungalCellAlveolus;0;OnAEC1Swelling;1.57516;-77.1481;-6.66879;-87.0399;Mothercell;basic;
26;150;FungalCellAlveolus;0;OnAEC1Swelling;1.79048;-77.1481;-6.66879;-87.0399;Mothercell;basic;
26;180;FungalCellAlveolus;0;OnAEC1Swelling;2.03627;-77.1481;-6.66879;-87.0399;Mothercell;basic;
26;210;FungalCellAlveolus;0;OnAEC1Swelling;2.19832;-77.1481;-6.66879;-87.0399;Mothercell;basic;
26;240;FungalCellAlveolus;0;OnAEC1Swelling;2.27035;-77.1481;-6.66879;-87.0399;Mothercell;basic;
26;270;FungalCellAlveolus;0;OnAEC1Swelling;2.29669;-77.1481;-6.66879;-87.0399;Mothercell;basic;
26;300;FungalCellAlveolus;0;OnAEC1Swelling;2.30562;-77.1481;-6.66879;-87.0399;Mothercell;basic;
26;330;FungalCellAlveolus;0;OnAEC1Swelling;2.30857;-77.1481;-6.66879;-87.0399;Mothercell;basic;
26;360;FungalCellAlveolus;0;OnAEC1Swelling;2.30953;-77.1481;-6.66879;-87.0399;Mothercell;basic;
26;390;FungalCellAlveolus;0;OnAEC1Swelling;2.30985;-77.1481;-6.66879;-87.0399;Mothercell;basic;
26;420;FungalCellAlveolus;0;OnAEC1Swelling;2.30995;-77.1481;-6.66879;-87.0399;Mothercell;basic;
26;450;FungalCellAlveolus;0;OnAEC1Swelling;2.30998;-77.1481;-6.66879;-87.0399;Mothercell;basic;
26;480;FungalCellAlveolus;0;OnAEC1Swelling;2.30999;-77.1481;-6.66879;-87.0399;Mothercell;basic;
27;0;FungalCellAlveolus;0;FungalOnAEC1;1.39;16.1524;57.4325;-100.064;Mothercell;basic;
27;30;FungalCellAlveolus;0;OnAEC1Swelling;1.39805;16.1524;57.4325;-100.064;Mothercell;basic;
27;60;FungalCellAlveolus;0;OnAEC1Swelling;1.41416;16.1524;57.4325;-100.064;Mothercell;basic;
27;90;FungalCellAlveolus;0;OnAEC1Swelling;1.46005;16.1524;57.4325;-100.064;Mothercell;basic;
27;120;FungalCellAlveolus;0;OnAEC1Swelling;1.57516;16.1524;57.4325;-100.064;Mothercell;basic;
27;150;FungalCellAlveolus;0;OnAEC1Swelling;1.79048;16.1524;57.4325;-100.064;Mothercell;basic;
27;180;FungalCellAlveolus;0;OnAEC1Swelling;2.03627;16.1524;57.4325;-100.064;Mothercell;basic;
27;210;FungalCellAlveolus;0;OnAEC1Swelling;2.19832;16.1524;57.4325;-100.064;Mothercell;basic;
27;240;FungalCellAlveolus;0;OnAEC1Swelling;2.27035;16.1524;57.4325;-100.064;Mothercell;basic;
27;270;FungalCellAlveolus;0;OnAEC1Swelling;2.29669;16.1524;57.4325;-100.064;Mothercell;basic;
27;300;FungalCellAlveolus;0;OnAEC1Swelling;2.30562;16.1524;57.4325;-100.064;Mothercell;basic;
27;330;FungalCellAlveolus;0;OnAEC1Swelling;2.30857;16.1524;57.4325;-100.064;Mothercell;basic;
27;360;FungalCellAlveolus;0;OnAEC1Swelling;2.30953;16.1524;57.4325;-100.064;Mothercell;basic;
27;390;FungalCellAlveolus;0;OnAEC1Swelling;2.30985;16.1524;57.4325;-100.064;Mothercell;basic;
27;420;FungalCellAlveolus;0;OnAEC1Swelling;2.30995;16.1524;57.4325;-100.064;Mothercell;basic;
27;450;FungalCellAlveolus;0;OnAEC1Swelling;2.30998;16.1524;57.4325;-100.064;Mothercell;basic;
27;480;FungalCellAlveolus;0;OnAEC1Swelling;2.30999;16.1524;57.4325;-100.064;Mothercell;basic;
28;0;FungalCellAlveolus;0;FungalOnAEC1;1.39;114.805;11.8721;-15.8448;Mothercell;basic;
28;30;FungalCellAlveolus;0;OnAEC1Swelling;1.39802;114.805;11.8721;-15.8448;Mothercell;basic;
28;60;FungalCellAlveolus;0;OnAEC1Swelling;1.41407;114.805;11.8721;-15.8448;Mothercell;basic;
28;90;FungalCellAlveolus;0;OnAEC1Swelling;1.45981;114.805;11.8721;-15.8448;Mothercell;basic;
28;120;FungalCellAlveolus;0;OnAEC1Swelling;1.57461;114.805;11.8721;-15.8448;Mothercell;basic;
28;150;FungalCellAlveolus;0;OnAEC1Swelling;1.78964;114.805;11.8721;-15.8448;Mothercell;basic;
28;180;FungalCellAlveolus;0;OnAEC1Swelling;2.03555;114.805;11.8721;-15.8448;Mothercell;basic;
28;210;FungalCellAlveolus;0;OnAEC1Swelling;2.19795;114.805;11.8721;-15.8448;Mothercell;basic;
28;240;FungalCellAlveolus;0;OnAEC1Swelling;2.2702;114.805;11.8721;-15.8448;Mothercell;basic;
28;270;FungalCellAlveolus;0;OnAEC1Swelling;2.29664;114.805;11.8721;-15.8448;Mothercell;basic;
28;300;FungalCellAlveolus;0;OnAEC1Swelling;2.3056;114.805;11.8721;-15.8448;Mothercell;basic;
28;330;FungalCellAlveolus;0;OnAEC1Swelling;2.30856;114.805;11.8721;-15.8448;Mothercell;basic;
28;360;FungalCellAlveolus;0;OnAEC1Swelling;2.30953;114.805;11.8721;-15.8448;Mothercell;basic;
28;390;FungalCellAlveolus;0;OnAEC1Swelling;2.30985;114.805;11.8721;-15.8448;Mothercell;basic;
28;420;FungalCellAlveolus;0;OnAEC1Swelling;2.30995;114.805;11.8721;-15.8448;Mothercell;basic;
28;450;FungalCellAlveolus;0;OnAEC1Swelling;2.30998;114.805;11.8721;-15.8448;Mothercell;basic;
28;480;FungalCellAlveolus;0;OnAEC1Swelling;2.30999;114.805;11.8721;-15.8448;Mothercell;basic;
29;0;FungalCellAlveolus;0;FungalOnAEC1;1.39;68.9782;82.8253;-44.2066;Mothercell;basic;
29;30;FungalCellAlveolus;0;OnAEC1Swelling;1.39802;68.9782;82.8253;-44.2066;Mothercell;basic;
29;60;FungalCellAlveolus;0;OnAEC1Swelling;1.41407;68.9782;82.8253;-44.2066;Mothercell;basic;
29;90;FungalCellAlveolus;0;OnAEC1Swelling;1.45981;68.9782;82.8253;-44.2066;Mothercell;basic;
29;120;FungalCellAlveolus;0;OnAEC1Swelling;1.57461;68.9782;82.8253;-44.2066;Mothercell;basic;
29;150;FungalCellAlveolus;0;OnAEC1Swelling;1.78964;68.9782;82.8253;-44.2066;Mothercell;basic;
29;180;FungalCellAlveolus;0;OnAEC1Swelling;2.03555;68.9782;82.8253;-44.2066;Mothercell;basic;
29;210;FungalCellAlveolus;0;OnAEC1Swelling;2.19795;68.9782;82.8253;-44.2066;Mothercell;basic;
29;240;FungalCellAlveolus;0;OnAEC1Swelling;2.2702;68.9782;82.8253;-44.2066;Mothercell;basic;
29;270;FungalCellAlveolus;0;OnAEC1Swelling;2.29664;68.9782;82.8253;-44.2066;Mothercell;basic;
29;300;FungalCellAlveolus;0;OnAEC1Swelling;2.3056;68.9782;82.8253;-44.2066;Mothercell;basic;
29;330;FungalCellAlveolus;0;OnAEC1Swelling;2.30856;68.9782;82.8253;-44.2066;Mothercell;basic;
29;360;FungalCellAlveolus;0;OnAEC1Swelling;2.30953;68.9782;82.8253;-44.2066;Mothercell;basic;
29;390;FungalCellAlveolus;0;OnAEC1Swelling;2.30985;68.9782;82.8253;-44.2066;Mothercell;basic;
29;420;FungalCellAlveolus;0;OnAEC1Swelling;2.30995;68.9782;82.8253;-44.2066;Mothercell;basic;
29;450;FungalCellAlveolus;0;OnAEC1Swelling;2.30998;68.9782;82.8253;-44.2066;Mothercell;basic;
29;480;FungalCellAlveolus;0;OnAEC1Swelling;2.30999;68.9782;82.8253;-44.2066;Mothercell;basic;
30;0;FungalCellAlveolus;0;OnAEC1Swelling;1.39;111.316;-23.5101;-25.0673;Mothercell;basic;
30;30;FungalCellAlveolus;0;OnAEC1Swelling;1.39805;111.316;-23.5101;-25.0673;Mothercell;basic;
30;60;FungalCellAlveolus;0;OnAEC1Swelling;1.41416;111.316;-23.5101;-25.0673;Mothercell;basic;
30;90;FungalCellAlveolus;0;OnAEC1Swelling;1.46005;111.316;-23.5101;-25.0673;Mothercell;basic;
30;120;FungalCellAlveolus;0;OnAEC1Swelling;1.57516;111.316;-23.5101;-25.0673;Mothercell;basic;
30;150;FungalCellAlveolus;0;OnAEC1Swelling;1.79048;111.316;-23.5101;-25.0673;Mothercell;basic;
30;180;FungalCellAlveolus;0;OnAEC1Swelling;2.03627;111.316;-23.5101;-25.0673;Mothercell;basic;
30;210;FungalCellAlveolus;0;OnAEC1Swelling;2.19832;111.316;-23.5101;-25.0673;Mothercell;basic;
30;240;FungalCellAlveolus;0;OnAEC1Swelling;2.27035;111.316;-23.5101;-25.0673;Mothercell;basic;
30;270;FungalCellAlveolus;0;OnAEC1Swelling;2.29669;111.316;-23.5101;-25.0673;Mothercell;basic;
30;300;FungalCellAlveolus;0;OnAEC1Swelling;2.30562;111.316;-23.5101;-25.0673;Mothercell;basic;
30;330;FungalCellAlveolus;0;OnAEC1Swelling;2.30857;111.316;-23.5101;-25.0673;Mothercell;basic;
30;360;FungalCellAlveolus;0;OnAEC1Swelling;2.30953;111.316;-23.5101;-25.0673;Mothercell;basic;
30;390;FungalCellAlveolus;0;UptakenByAEC1;1.80954;113.704;-24.0146;-25.6052;Mothercell;basic;
30;420;FungalCellAlveolus;0;UptakenByAEC1;1.80954;113.704;-24.0146;-25.6052;Mothercell;basic;
30;450;FungalCellAlveolus;0;UptakenByAEC1;1.80954;113.704;-24.0146;-25.6052;Mothercell;basic;
30;480;FungalCellAlveolus;0;UptakenByAEC1;1.80954;113.704;-24.0146;-25.6052;Mothercell;basic;
31;0;FungalCellAlveolus;0;FungalOnAEC1;1.39;51.836;-90.22;52.3988;Mothercell;basic;
31;30;FungalCellAlveolus;0;OnAEC1Swelling;1.39802;51.836;-90.22;52.3988;Mothercell;basic;
31;60;FungalCellAlveolus;0;OnAEC1Swelling;1.41407;51.836;-90.22;52.3988;Mothercell;basic;
31;90;FungalCellAlveolus;0;OnAEC1Swelling;1.45981;51.836;-90.22;52.3988;Mothercell;basic;
31;120;FungalCellAlveolus;0;OnAEC1Swelling;1.57461;51.836;-90.22;52.3988;Mothercell;basic;
31;150;FungalCellAlveolus;0;OnAEC1Swelling;1.78964;51.836;-90.22;52.3988;Mothercell;basic;
31;180;FungalCellAlveolus;0;OnAEC1Swelling;2.03555;51.836;-90.22;52.3988;Mothercell;basic;
31;210;FungalCellAlveolus;0;OnAEC1Swelling;2.19795;51.836;-90.22;52.3988;Mothercell;basic;
31;240;FungalCellAlveolus;0;OnAEC1Swelling;2.2702;51.836;-90.22;52.3988;Mothercell;basic;
31;270;FungalCellAlveolus;0;OnAEC1Swelling;2.29664;51.836;-90.22;52.3988;Mothercell;basic;
31;300;FungalCellAlveolus;0;OnAEC1Swelling;2.3056;51.836;-90.22;52.3988;Mothercell;basic;
31;330;FungalCellAlveolus;0;OnAEC1Swelling;2.30856;51.836;-90.22;52.3988;Mothercell;basic;
31;360;FungalCellAlveolus;0;OnAEC1Swelling;2.30953;51.836;-90.22;52.3988;Mothercell;basic;
31;390;FungalCellAlveolus;0;OnAEC1Swelling;2.30985;51.836;-90.22;52.3988;Mothercell;basic;
31;420;FungalCellAlveolus;0;OnAEC1Swelling;2.30995;51.836;-90.22;52.3988;Mothercell;basic;
31;450;FungalCellAlveolus;0;OnAEC1Swelling;2.30998;51.836;-90.22;52.3988;Mothercell;basic;
31;480;FungalCellAlveolus;0;OnAEC1Swelling;2.30999;51.836;-90.22;52.3988;Mothercell;basic;
32;0;FungalCellAlveolus;0;OnAEC1Swelling;1.39;0.172968;-112.165;-31.4855;Mothercell;basic;
32;30;FungalCellAlveolus;0;OnAEC1Swelling;1.39805;0.172968;-112.165;-31.4855;Mothercell;basic;
32;60;FungalCellAlveolus;0;OnAEC1Swelling;1.41416;0.172968;-112.165;-31.4855;Mothercell;basic;
32;90;FungalCellAlveolus;0;OnAEC1Swelling;1.46005;0.172968;-112.165;-31.4855;Mothercell;basic;
32;120;FungalCellAlveolus;0;OnAEC1Swelling;1.57516;0.172968;-112.165;-31.4855;Mothercell;basic;
32;150;FungalCellAlveolus;0;OnAEC1Swelling;1.79048;0.172968;-112.165;-31.4855;Mothercell;basic;
32;180;FungalCellAlveolus;0;OnAEC1Swelling;2.03627;0.172968;-112.165;-31.4855;Mothercell;basic;
32;210;FungalCellAlveolus;0;OnAEC1Swelling;2.19832;0.172968;-112.165;-31.4855;Mothercell;basic;
32;240;FungalCellAlveolus;0;OnAEC1Swelling;2.27035;0.172968;-112.165;-31.4855;Mothercell;basic;
32;270;FungalCellAlveolus;0;OnAEC1Swelling;2.29669;0.172968;-112.165;-31.4855;Mothercell;basic;
32;300;FungalCellAlveolus;0;OnAEC1Swelling;2.30562;0.172968;-112.165;-31.4855;Mothercell;basic;
32;330;FungalCellAlveolus;0;OnAEC1Swelling;2.30857;0.172968;-112.165;-31.4855;Mothercell;basic;
32;360;FungalCellAlveolus;0;OnAEC1Swelling;2.30953;0.172968;-112.165;-31.4855;Mothercell;basic;
32;390;FungalCellAlveolus;0;OnAEC1Swelling;2.30985;0.172968;-112.165;-31.4855;Mothercell;basic;
32;420;FungalCellAlveolus;0;OnAEC1Swelling;2.30995;0.172968;-112.165;-31.4855;Mothercell;basic;
32;450;FungalCellAlveolus;0;OnAEC1Swelling;2.30998;0.172968;-112.165;-31.4855;Mothercell;basic;
32;480;FungalCellAlveolus;0;OnAEC1Swelling;2.30999;0.172968;-112.165;-31.4855;Mothercell;basic;
33;0;FungalCellAlveolus;0;FungalOnAEC1;1.39;-3.82007;-30.3604;-112.41;Mothercell;basic;
33;30;FungalCellAlveolus;0;OnAEC1Swelling;1.39805;-3.82007;-30.3604;-112.41;Mothercell;basic;
33;60;FungalCellAlveolus;0;OnAEC1Swelling;1.41416;-3.82007;-30.3604;-112.41;Mothercell;basic;
33;90;FungalCellAlveolus;0;OnAEC1Swelling;1.46005;-3.82007;-30.3604;-112.41;Mothercell;basic;
33;120;FungalCellAlveolus;0;OnAEC1Swelling;1.57516;-3.82007;-30.3604;-112.41;Mothercell;basic;
33;150;FungalCellAlveolus;0;OnAEC1Swelling;1.79048;-3.82007;-30.3604;-112.41;Mothercell;basic;
33;180;FungalCellAlveolus;0;OnAEC1Swelling;2.03627;-3.82007;-30.3604;-112.41;Mothercell;basic;
33;210;FungalCellAlveolus;0;OnAEC1Swelling;2.19832;-3.82007;-30.3604;-112.41;Mothercell;basic;
33;240;FungalCellAlveolus;0;OnAEC1Swelling;2.27035;-3.82007;-30.3604;-112.41;Mothercell;basic;
33;270;FungalCellAlveolus;0;OnAEC1Swelling;2.29669;-3.82007;-30.3604;-112.41;Mothercell;basic;
33;300;FungalCellAlveolus;0;OnAEC1Swelling;2.30562;-3.82007;-30.3604;-112.41;Mothercell;basic;
33;330;FungalCellAlveolus;0;OnAEC1Swelling;2.30857;-3.82007;-30.3604;-112.41;Mothercell;basic;
33;360;FungalCellAlveolus;0;OnAEC1Swelling;2.30953;-3.82007;-30.3604;-112.41;Mothercell;basic;
33;390;FungalCellAlveolus;0;OnAEC1Swelling;2.30985;-3.82007;-30.3604;-112.41;Mothercell;basic;
33;420;FungalCellAlveolus;0;OnAEC1Swelling;2.30995;-3.82007;-30.3604;-112.41;Mothercell;basic;
33;450;FungalCellAlveolus;0;OnAEC1Swelling;2.30998;-3.82007;-30.3604;-112.41;Mothercell;basic;
33;480;FungalCellAlveolus;0;OnAEC1Swelling;2.30999;-3.82007;-30.3604;-112.41;Mothercell;basic;
34;0;FungalCellAlveolus;0;OnAEC1Swelling;1.39;64.4846;97.0058;1.9657;Mothercell;basic;
34;30;FungalCellAlveolus;0;OnAEC1Swelling;1.39805;64.4846;97.0058;1.9657;Mothercell;basic;
34;60;FungalCellAlveolus;0;OnAEC1Swelling;1.41416;64.4846;97.0058;1.9657;Mothercell;basic;
34;90;FungalCellAlveolus;0;OnAEC1Swelling;1.46005;64.4846;97.0058;1.9657;Mothercell;basic;
34;120;FungalCellAlveolus;0;OnAEC1Swelling;1.57516;64.4846;97.0058;1.9657;Mothercell;basic;
34;150;FungalCellAlveolus;0;OnAEC1Swelling;1.79048;64.4846;97.0058;1.9657;Mothercell;basic;
34;180;FungalCellAlveolus;0;OnAEC1Swelling;2.03627;64.4846;97.0058;1.9657;Mothercell;basic;
34;210;FungalCellAlveolus;0;OnAEC1Swelling;2.19832;64.4846;97.0058;1.9657;Mothercell;basic;
34;240;FungalCellAlveolus;0;OnAEC1Swelling;2.27035;64.4846;97.0058;1.9657;Mothercell;basic;
34;270;FungalCellAlveolus;0;OnAEC1Swelling;2.29669;64.4846;97.0058;1.9657;Mothercell;basic;
34;300;FungalCellAlveolus;0;OnAEC1Swelling;2.30562;64.4846;97.0058;1.9657;Mothercell;basic;
34;330;FungalCellAlveolus;0;OnAEC1Swelling;2.30857;64.4846;97.0058;1.9657;Mothercell;basic;
34;360;FungalCellAlveolus;0;OnAEC1Swelling;2.30953;64.4846;97.0058;1.9657;Mothercell;basic;
34;390;FungalCellAlveolus;0;OnAEC1Swelling;2.30985;64.4846;97.0058;1.9657;Mothercell;basic;
34;420;FungalCellAlveolus;0;OnAEC1Swelling;2.30995;64.4846;97.0058;1.9657;Mothercell;basic;
34;450;FungalCellAlveolus;0;OnAEC1Swelling;2.30998;64.4846;97.0058;1.9657;Mothercell;basic;
34;480;FungalCellAlveolus;0;OnAEC1Swelling;2.30999;64.4846;97.0058;1.9657;Mothercell;basic;
35;0;FungalCellAlveolus;0;OnAEC1Swelling;1.39;39.1749;109.716;-0.0550142;Mothercell;basic;
35;30;FungalCellAlveolus;0;OnAEC1Swelling;1.39805;39.1749;109.716;-0.0550142;Mothercell;basic;
35;60;FungalCellAlveolus;0;OnAEC1Swelling;1.41416;39.1749;109.716;-0.0550142;Mothercell;basic;
35;90;FungalCellAlveolus;0;OnAEC1Swelling;1.46005;39.1749;109.716;-0.0550142;Mothercell;basic;
35;120;FungalCellAlveolus;0;OnAEC1Swelling;1.57516;39.1749;109.716;-0.0550142;Mothercell;basic;
35;150;FungalCellAlveolus;0;OnAEC1Swelling;1.79048;39.1749;109.716;-0.0550142;Mothercell;basic;
35;180;FungalCellAlveolus;0;OnAEC1Swelling;2.03627;39.1749;109.716;-0.0550142;Mothercell;basic;
35;210;FungalCellAlveolus;0;OnAEC1Swelling;2.19832;39.1749;109.716;-0.0550142;Mothercell;basic;
35;240;FungalCellAlveolus;0;OnAEC1Swelling;2.27035;39.1749;109.716;-0.0550142;Mothercell;basic;
35;270;FungalCellAlveolus;0;OnAEC1Swelling;2.29669;39.1749;109.716;-0.0550142;Mothercell;basic;
35;300;FungalCellAlveolus;0;OnAEC1Swelling;2.30562;39.1749;109.716;-0.0550142;Mothercell;basic;
35;330;FungalCellAlveolus;0;OnAEC1Swelling;2.30857;39.1749;109.716;-0.0550142;Mothercell;basic;
35;360;FungalCellAlveolus;0;OnAEC1Swelling;2.30953;39.1749;109.716;-0.0550142;Mothercell;basic;
35;390;FungalCellAlveolus;0;OnAEC1Swelling;2.30985;39.1749;109.716;-0.0550142;Mothercell;basic;
35;420;FungalCellAlveolus;0;OnAEC1Swelling;2.30995;39.1749;109.716;-0.0550142;Mothercell;basic;
35;450;FungalCellAlveolus;0;OnAEC1Swelling;2.30998;39.1749;109.716;-0.0550142;Mothercell;basic;
35;480;FungalCellAlveolus;0;OnAEC1Swelling;2.30999;39.1749;109.716;-0.0550142;Mothercell;basic;
36;0;FungalCellAlveolus;0;FungalOnAEC1;1.39;30.1553;-56.6046;-97.2565;Mothercell;basic;
36;30;FungalCellAlveolus;0;OnAEC1Swelling;1.39802;30.1553;-56.6046;-97.2565;Mothercell;basic;
36;60;FungalCellAlveolus;0;OnAEC1Swelling;1.41407;30.1553;-56.6046;-97.2565;Mothercell;basic;
36;90;FungalCellAlveolus;0;OnAEC1Swelling;1.45981;30.1553;-56.6046;-97.2565;Mothercell;basic;
36;120;FungalCellAlveolus;0;OnAEC1Swelling;1.57461;30.1553;-56.6046;-97.2565;Mothercell;basic;
36;150;FungalCellAlveolus;0;OnAEC1Swelling;1.78964;30.1553;-56.6046;-97.2565;Mothercell;basic;
36;180;FungalCellAlveolus;0;OnAEC1Swelling;2.03555;30.1553;-56.6046;-97.2565;Mothercell;basic;
36;210;FungalCellAlveolus;0;OnAEC1Swelling;2.19795;30.1553;-56.6046;-97.2565;Mothercell;basic;
36;240;FungalCellAlveolus;0;OnAEC1Swelling;2.2702;30.1553;-56.6046;-97.2565;Mothercell;basic;
36;270;FungalCellAlveolus;0;OnAEC1Swelling;2.29664;30.1553;-56.6046;-97.2565;Mothercell;basic;
36;300;FungalCellAlveolus;0;OnAEC1Swelling;2.3056;30.1553;-56.6046;-97.2565;Mothercell;basic;
36;330;FungalCellAlveolus;0;OnAEC1Swelling;2.30856;30.1553;-56.6046;-97.2565;Mothercell;basic;
36;360;FungalCellAlveolus;0;OnAEC1Swelling;2.30953;30.1553;-56.6046;-97.2565;Mothercell;basic;
36;390;FungalCellAlveolus;0;OnAEC1Swelling;2.30985;30.1553;-56.6046;-97.2565;Mothercell;basic;
36;420;FungalCellAlveolus;0;OnAEC1Swelling;2.30995;30.1553;-56.6046;-97.2565;Mothercell;basic;
36;450;FungalCellAlveolus;0;OnAEC1Swelling;2.30998;30.1553;-56.6046;-97.2565;Mothercell;basic;
36;480;FungalCellAlveolus;0;OnAEC1Swelling;2.30999;30.1553;-56.6046;-97.2565;Mothercell;basic;
37;0;FungalCellAlveolus;0;FungalOnAEC1;1.39;67.6516;23.91;-91.7814;Mothercell;basic;
37;30;FungalCellAlveolus;0;OnAEC1Swelling;1.39805;67.6516;23.91;-91.7814;Mothercell;basic;
37;60;FungalCellAlveolus;0;OnAEC1Swelling;1.41416;67.6516;23.91;-91.7814;Mothercell;basic;
37;90;FungalCellAlveolus;0;OnAEC1Swelling;1.46005;67.6516;23.91;-91.7814;Mothercell;basic;
37;120;FungalCellAlveolus;0;OnAEC1Swelling;1.57516;67.6516;23.91;-91.7814;Mothercell;basic;
37;150;FungalCellAlveolus;0;OnAEC1Swelling;1.79048;67.6516;23.91;-91.7814;Mothercell;basic;
37;180;FungalCellAlveolus;0;OnAEC1Swelling;2.03627;67.6516;23.91;-91.7814;Mothercell;basic;
37;210;FungalCellAlveolus;0;OnAEC1Swelling;2.19832;67.6516;23.91;-91.7814;Mothercell;basic;
37;240;FungalCellAlveolus;0;OnAEC1Swelling;2.27035;67.6516;23.91;-91.7814;Mothercell;basic;
37;270;FungalCellAlveolus;0;OnAEC1Swelling;2.29669;67.6516;23.91;-91.7814;Mothercell;basic;
37;300;FungalCellAlveolus;0;OnAEC1Swelling;2.30562;67.6516;23.91;-91.7814;Mothercell;basic;
37;330;FungalCellAlveolus;0;OnAEC1Swelling;2.30857;67.6516;23.91;-91.7814;Mothercell;basic;
37;360;FungalCellAlveolus;0;OnAEC1Swelling;2.30953;67.6516;23.91;-91.7814;Mothercell;basic;
37;390;FungalCellAlveolus;0;OnAEC1Swelling;2.30985;67.6516;23.91;-91.7814;Mothercell;basic;
37;420;FungalCellAlveolus;0;OnAEC1Swelling;2.30995;67.6516;23.91;-91.7814;Mothercell;basic;
37;450;FungalCellAlveolus;0;OnAEC1Swelling;2.30998;67.6516;23.91;-91.7814;Mothercell;basic;
37;480;FungalCellAlveolus;0;OnAEC1Swelling;2.30999;67.6516;23.91;-91.7814;Mothercell;basic;
38;0;FungalCellAlveolus;0;FungalOnAEC1;1.39;108.319;-19.0512;38.424;Mothercell;basic;
38;30;FungalCellAlveolus;0;OnAEC1Swelling;1.39805;108.319;-19.0512;38.424;Mothercell;basic;
38;60;FungalCellAlveolus;0;OnAEC1Swelling;1.41416;108.319;-19.0512;38.424;Mothercell;basic;
38;90;FungalCellAlveolus;0;OnAEC1Swelling;1.46005;108.319;-19.0512;38.424;Mothercell;basic;
38;120;FungalCellAlveolus;0;OnAEC1Swelling;1.57516;108.319;-19.0512;38.424;Mothercell;basic;
38;150;FungalCellAlveolus;0;OnAEC1Swelling;1.79048;108.319;-19.0512;38.424;Mothercell;basic;
38;180;FungalCellAlveolus;0;OnAEC1Swelling;2.03627;108.319;-19.0512;38.424;Mothercell;basic;
38;210;FungalCellAlveolus;0;OnAEC1Swelling;2.19832;108.319;-19.0512;38.424;Mothercell;basic;
38;240;FungalCellAlveolus;0;OnAEC1Swelling;2.27035;108.319;-19.0512;38.424;Mothercell;basic;
38;270;FungalCellAlveolus;0;OnAEC1Swelling;2.29669;108.319;-19.0512;38.424;Mothercell;basic;
38;300;FungalCellAlveolus;0;OnAEC1Swelling;2.30562;108.319;-19.0512;38.424;Mothercell;basic;
38;330;FungalCellAlveolus;0;OnAEC1Swelling;2.30857;108.319;-19.0512;38.424;Mothercell;basic;
38;360;FungalCellAlveolus;0;OnAEC1Swelling;2.30953;108.319;-19.0512;38.424;Mothercell;basic;
38;390;FungalCellAlveolus;0;OnAEC1Swelling;2.30985;108.319;-19.0512;38.424;Mothercell;basic;
38;420;FungalCellAlveolus;0;OnAEC1Swelling;2.30995;108.319;-19.0512;38.424;Mothercell;basic;
38;450;FungalCellAlveolus;0;OnAEC1Swelling;2.30998;108.319;-19.0512;38.424;Mothercell;basic;
38;480;FungalCellAlveolus;0;OnAEC1Swelling;2.30999;108.319;-19.0512;38.424;Mothercell;basic;
39;0;FungalCellAlveolus;0;OnAEC2Swelling;1.39;66.7606;76.2034;57.518;Mothercell;basic;
39;30;FungalCellAlveolus;0;OnAEC2Swelling;1.39805;66.7606;76.2034;57.518;Mothercell;basic;
39;60;FungalCellAlveolus;0;OnAEC2Swelling;1.41416;66.7606;76.2034;57.518;Mothercell;basic;
39;90;FungalCellAlveolus;0;UptakenByAEC2;0.895789;68.2505;77.9041;58.8016;Mothercell;basic;
39;120;FungalCellAlveolus;0;UptakenByAEC2;0.895789;68.2505;77.9041;58.8016;Mothercell;basic;
39;150;FungalCellAlveolus;0;UptakenByAEC2;0.895789;68.2505;77.9041;58.8016;Mothercell;basic;
39;180;FungalCellAlveolus;0;UptakenByAEC2;0.895789;68.2505;77.9041;58.8016;Mothercell;basic;
39;210;FungalCellAlveolus;0;UptakenByAEC2;0.895789;68.2505;77.9041;58.8016;Mothercell;basic;
39;240;FungalCellAlveolus;0;UptakenByAEC2;0.895789;68.2505;77.9041;58.8016;Mothercell;basic;
39;270;FungalCellAlveolus;0;UptakenByAEC2;0.895789;68.2505;77.9041;58.8016;Mothercell;basic;
39;300;FungalCellAlveolus;0;UptakenByAEC2;0.895789;68.2505;77.9041;58.8016;Mothercell;basic;
39;330;FungalCellAlveolus;0;UptakenByAEC2;0.895789;68.2505;77.9041;58.8016;Mothercell;basic;
39;360;FungalCellAlveolus;0;UptakenByAEC2;0.895789;68.2505;77.9041;58.8016;Mothercell;basic;
39;390;FungalCellAlveolus;0;UptakenByAEC2;0.895789;68.2505;77.9041;58.8016;Mothercell;basic;
39;420;FungalCellAlveolus;0;UptakenByAEC2;0.895789;68.2505;77.9041;58.8016;Mothercell;basic;
39;450;FungalCellAlveolus;0;UptakenByAEC2;0.895789;68.2505;77.9041;58.8016;Mothercell;basic;
39;480;FungalCellAlveolus;0;UptakenByAEC2;0.895789;68.2505;77.9041;58.8016;Mothercell;basic;
40;0;FungalCellAlveolus;0;FungalOnAEC1;1.39;-53.9871;39.9282;-95.2018;Mothercell;basic;
40;30;FungalCellAlveolus;0;OnAEC1Swelling;1.39802;-53.9871;39.9282;-95.2018;Mothercell;basic;
40;60;FungalCellAlveolus;0;OnAEC1Swelling;1.41407;-53.9871;39.9282;-95.2018;Mothercell;basic;
40;90;FungalCellAlveolus;0;OnAEC1Swelling;1.45981;-53.9871;39.9282;-95.2018;Mothercell;basic;
40;120;FungalCellAlveolus;0;OnAEC1Swelling;1.57461;-53.9871;39.9282;-95.2018;Mothercell;basic;
40;150;FungalCellAlveolus;0;OnAEC1Swelling;1.78964;-53.9871;39.9282;-95.2018;Mothercell;basic;
40;180;FungalCellAlveolus;0;OnAEC1Swelling;2.03555;-53.9871;39.9282;-95.2018;Mothercell;basic;
40;210;FungalCellAlveolus;0;OnAEC1Swelling;2.19795;-53.9871;39.9282;-95.2018;Mothercell;basic;
40;240;FungalCellAlveolus;0;OnAEC1Swelling;2.2702;-53.9871;39.9282;-95.2018;Mothercell;basic;
40;270;FungalCellAlveolus;0;OnAEC1Swelling;2.29664;-53.9871;39.9282;-95.2018;Mothercell;basic;
40;300;FungalCellAlveolus;0;OnAEC1Swelling;2.3056;-53.9871;39.9282;-95.2018;Mothercell;basic;
40;330;FungalCellAlveolus;0;OnAEC1Swelling;2.30856;-53.9871;39.9282;-95.2018;Mothercell;basic;
40;360;FungalCellAlveolus;0;OnAEC1Swelling;2.30953;-53.9871;39.9282;-95.2018;Mothercell;basic;
40;390;FungalCellAlveolus;0;OnAEC1Swelling;2.30985;-53.9871;39.9282;-95.2018;Mothercell;basic;
40;420;FungalCellAlveolus;0;UptakenByAEC1;1.78993;-55.1919;40.8193;-97.3265;Mothercell;basic;
40;450;FungalCellAlveolus;0;UptakenByAEC1;1.78993;-55.1919;40.8193;-97.3265;Mothercell;basic;
40;480;FungalCellAlveolus;0;UptakenByAEC1;1.78993;-55.1919;40.8193;-97.3265;Mothercell;basic;
41;0;FungalCellAlveolus;0;FungalOnAEC1;1.39;-95.4528;47.3713;47.0848;Mothercell;basic;
41;30;FungalCellAlveolus;0;OnAEC1Swelling;1.39802;-95.4528;47.3713;47.0848;Mothercell;basic;
41;60;FungalCellAlveolus;0;OnAEC1Swelling;1.41407;-95.4528;47.3713;47.0848;Mothercell;basic;
41;90;FungalCellAlveolus;0;OnAEC1Swelling;1.45981;-95.4528;47.3713;47.0848;Mothercell;basic;
41;120;FungalCellAlveolus;0;OnAEC1Swelling;1.57461;-95.4528;47.3713;47.0848;Mothercell;basic;
41;150;FungalCellAlveolus;0;OnAEC1Swelling;1.78964;-95.4528;47.3713;47.0848;Mothercell;basic;
41;180;FungalCellAlveolus;0;OnAEC1Swelling;2.03555;-95.4528;47.3713;47.0848;Mothercell;basic;
41;210;FungalCellAlveolus;0;OnAEC1Swelling;2.19795;-95.4528;47.3713;47.0848;Mothercell;basic;
41;240;FungalCellAlveolus;0;OnAEC1Swelling;2.2702;-95.4528;47.3713;47.0848;Mothercell;basic;
41;270;FungalCellAlveolus;0;OnAEC1Swelling;2.29664;-95.4528;47.3713;47.0848;Mothercell;basic;
41;300;FungalCellAlveolus;0;OnAEC1Swelling;2.3056;-95.4528;47.3713;47.0848;Mothercell;basic;
41;330;FungalCellAlveolus;0;OnAEC1Swelling;2.30856;-95.4528;47.3713;47.0848;Mothercell;basic;
41;360;FungalCellAlveolus;0;OnAEC1Swelling;2.30953;-95.4528;47.3713;47.0848;Mothercell;basic;
41;390;FungalCellAlveolus;0;OnAEC1Swelling;2.30985;-95.4528;47.3713;47.0848;Mothercell;basic;
41;420;FungalCellAlveolus;0;OnAEC1Swelling;2.30995;-95.4528;47.3713;47.0848;Mothercell;basic;
41;450;FungalCellAlveolus;0;OnAEC1Swelling;2.30998;-95.4528;47.3713;47.0848;Mothercell;basic;
41;480;FungalCellAlveolus;0;OnAEC1Swelling;2.30999;-95.4528;47.3713;47.0848;Mothercell;basic;
42;0;FungalCellAlveolus;0;OnAEC1Swelling;1.39;21.2997;-63.0309;-95.633;Mothercell;basic;
42;30;FungalCellAlveolus;0;OnAEC1Swelling;1.39805;21.2997;-63.0309;-95.633;Mothercell;basic;
42;60;FungalCellAlveolus;0;OnAEC1Swelling;1.41416;21.2997;-63.0309;-95.633;Mothercell;basic;
42;90;FungalCellAlveolus;0;OnAEC1Swelling;1.46005;21.2997;-63.0309;-95.633;Mothercell;basic;
42;120;FungalCellAlveolus;0;OnAEC1Swelling;1.57516;21.2997;-63.0309;-95.633;Mothercell;basic;
42;150;FungalCellAlveolus;0;OnAEC1Swelling;1.79048;21.2997;-63.0309;-95.633;Mothercell;basic;
42;180;FungalCellAlveolus;0;OnAEC1Swelling;2.03627;21.2997;-63.0309;-95.633;Mothercell;basic;
42;210;FungalCellAlveolus;0;OnAEC1Swelling;2.19832;21.2997;-63.0309;-95.633;Mothercell;basic;
42;240;FungalCellAlveolus;0;OnAEC1Swelling;2.27035;21.2997;-63.0309;-95.633;Mothercell;basic;
42;270;FungalCellAlveolus;0;OnAEC1Swelling;2.29669;21.2997;-63.0309;-95.633;Mothercell;basic;
42;300;FungalCellAlveolus;0;OnAEC1Swelling;2.30562;21.2997;-63.0309;-95.633;Mothercell;basic;
42;330;FungalCellAlveolus;0;OnAEC1Swelling;2.30857;21.2997;-63.0309;-95.633;Mothercell;basic;
42;360;FungalCellAlveolus;0;OnAEC1Swelling;2.30953;21.2997;-63.0309;-95.633;Mothercell;basic;
42;390;FungalCellAlveolus;0;OnAEC1Swelling;2.30985;21.2997;-63.0309;-95.633;Mothercell;basic;
42;420;FungalCellAlveolus;0;OnAEC1Swelling;2.30995;21.2997;-63.0309;-95.633;Mothercell;basic;
42;450;FungalCellAlveolus;0;OnAEC1Swelling;2.30998;21.2997;-63.0309;-95.633;Mothercell;basic;
42;480;FungalCellAlveolus;0;OnAEC1Swelling;2.30999;21.2997;-63.0309;-95.633;Mothercell;basic;
43;0;FungalCellAlveolus;0;FungalOnAEC1;1.39;37.9871;-105.861;30.3772;Mothercell;basic;
43;30;FungalCellAlveolus;0;OnAEC1Swelling;1.39805;37.9871;-105.861;30.3772;Mothercell;basic;
43;60;FungalCellAlveolus;0;OnAEC1Swelling;1.41416;37.9871;-105.861;30.3772;Mothercell;basic;
43;90;FungalCellAlveolus;0;OnAEC1Swelling;1.46005;37.9871;-105.861;30.3772;Mothercell;basic;
43;120;FungalCellAlveolus;0;OnAEC1Swelling;1.57516;37.9871;-105.861;30.3772;Mothercell;basic;
43;150;FungalCellAlveolus;0;OnAEC1Swelling;1.79048;37.9871;-105.861;30.3772;Mothercell;basic;
43;180;FungalCellAlveolus;0;OnAEC1Swelling;2.03627;37.9871;-105.861;30.3772;Mothercell;basic;
43;210;FungalCellAlveolus;0;OnAEC1Swelling;2.19832;37.9871;-105.861;30.3772;Mothercell;basic;
43;240;FungalCellAlveolus;0;OnAEC1Swelling;2.27035;37.9871;-105.861;30.3772;Mothercell;basic;
43;270;FungalCellAlveolus;0;OnAEC1Swelling;2.29669;37.9871;-105.861;30.3772;Mothercell;basic;
43;300;FungalCellAlveolus;0;OnAEC1Swelling;2.30562;37.9871;-105.861;30.3772;Mothercell;basic;
43;330;FungalCellAlveolus;0;OnAEC1Swelling;2.30857;37.9871;-105.861;30.3772;Mothercell;basic;
43;360;FungalCellAlveolus;0;UptakenByAEC1;1.9495;38.574;-107.496;30.8466;Mothercell;basic;
43;390;FungalCellAlveolus;0;UptakenByAEC1;1.7895;38.8348;-108.223;31.0552;Mothercell;basic;
43;420;FungalCellAlveolus;0;UptakenByAEC1;1.7895;38.8348;-108.223;31.0552;Mothercell;basic;
43;450;FungalCellAlveolus;0;UptakenByAEC1;1.7895;38.8348;-108.223;31.0552;Mothercell;basic;
43;480;FungalCellAlveolus;0;UptakenByAEC1;1.7895;38.8348;-108.223;31.0552;Mothercell;basic;
44;0;FungalCellAlveolus;0;FungalOnAEC1;1.39;75.6655;-88.3285;-6.71179;Mothercell;basic;
44;30;FungalCellAlveolus;0;OnAEC1Swelling;1.39802;75.6655;-88.3285;-6.71179;Mothercell;basic;
44;60;FungalCellAlveolus;0;OnAEC1Swelling;1.41407;75.6655;-88.3285;-6.71179;Mothercell;basic;
44;90;FungalCellAlveolus;0;OnAEC1Swelling;1.45981;75.6655;-88.3285;-6.71179;Mothercell;basic;
44;120;FungalCellAlveolus;0;OnAEC1Swelling;1.57461;75.6655;-88.3285;-6.71179;Mothercell;basic;
44;150;FungalCellAlveolus;0;OnAEC1Swelling;1.78964;75.6655;-88.3285;-6.71179;Mothercell;basic;
44;180;FungalCellAlveolus;0;OnAEC1Swelling;2.03555;75.6655;-88.3285;-6.71179;Mothercell;basic;
44;210;FungalCellAlveolus;0;OnAEC1Swelling;2.19795;75.6655;-88.3285;-6.71179;Mothercell;basic;
44;240;FungalCellAlveolus;0;OnAEC1Swelling;2.2702;75.6655;-88.3285;-6.71179;Mothercell;basic;
44;270;FungalCellAlveolus;0;OnAEC1Swelling;2.29664;75.6655;-88.3285;-6.71179;Mothercell;basic;
44;300;FungalCellAlveolus;0;OnAEC1Swelling;2.3056;75.6655;-88.3285;-6.71179;Mothercell;basic;
44;330;FungalCellAlveolus;0;OnAEC1Swelling;2.30856;75.6655;-88.3285;-6.71179;Mothercell;basic;
44;360;FungalCellAlveolus;0;OnAEC1Swelling;2.30953;75.6655;-88.3285;-6.71179;Mothercell;basic;
44;390;FungalCellAlveolus;0;OnAEC1Swelling;2.30985;75.6655;-88.3285;-6.71179;Mothercell;basic;
44;420;FungalCellAlveolus;0;OnAEC1Swelling;2.30995;75.6655;-88.3285;-6.71179;Mothercell;basic;
44;450;FungalCellAlveolus;0;OnAEC1Swelling;2.30998;75.6655;-88.3285;-6.71179;Mothercell;basic;
44;480;FungalCellAlveolus;0;OnAEC1Swelling;2.30999;75.6655;-88.3285;-6.71179;Mothercell;basic;
45;0;FungalCellAlveolus;0;OnAEC1Swelling;1.39;30.9355;61.8596;-93.7477;Mothercell;basic;
45;30;FungalCellAlveolus;0;OnAEC1Swelling;1.39805;30.9355;61.8596;-93.7477;Mothercell;basic;
45;60;FungalCellAlveolus;0;OnAEC1Swelling;1.41416;30.9355;61.8596;-93.7477;Mothercell;basic;
45;90;FungalCellAlveolus;0;OnAEC1Swelling;1.46005;30.9355;61.8596;-93.7477;Mothercell;basic;
45;120;FungalCellAlveolus;0;OnAEC1Swelling;1.57516;30.9355;61.8596;-93.7477;Mothercell;basic;
45;150;FungalCellAlveolus;0;OnAEC1Swelling;1.79048;30.9355;61.8596;-93.7477;Mothercell;basic;
45;180;FungalCellAlveolus;0;OnAEC1Swelling;2.03627;30.9355;61.8596;-93.7477;Mothercell;basic;
45;210;FungalCellAlveolus;0;OnAEC1Swelling;2.19832;30.9355;61.8596;-93.7477;Mothercell;basic;
45;240;FungalCellAlveolus;0;OnAEC1Swelling;2.27035;30.9355;61.8596;-93.7477;Mothercell;basic;
45;270;FungalCellAlveolus;0;OnAEC1Swelling;2.29669;30.9355;61.8596;-93.7477;Mothercell;basic;
45;300;FungalCellAlveolus;0;OnAEC1Swelling;2.30562;30.9355;61.8596;-93.7477;Mothercell;basic;
45;330;FungalCellAlveolus;0;OnAEC1Swelling;2.30857;30.9355;61.8596;-93.7477;Mothercell;basic;
45;360;FungalCellAlveolus;0;OnAEC1Swelling;2.30953;30.9355;61.8596;-93.7477;Mothercell;basic;
45;390;FungalCellAlveolus;0;OnAEC1Swelling;2.30985;30.9355;61.8596;-93.7477;Mothercell;basic;
45;420;FungalCellAlveolus;0;OnAEC1Swelling;2.30995;30.9355;61.8596;-93.7477;Mothercell;basic;
45;450;FungalCellAlveolus;0;OnAEC1Swelling;2.30998;30.9355;61.8596;-93.7477;Mothercell;basic;
45;480;FungalCellAlveolus;0;OnAEC1Swelling;2.30999;30.9355;61.8596;-93.7477;Mothercell;basic;
46;0;FungalCellAlveolus;0;OnAEC1Swelling;1.39;41.3483;-108.732;-6.32216;Mothercell;basic;
46;30;FungalCellAlveolus;0;OnAEC1Swelling;1.39805;41.3483;-108.732;-6.32216;Mothercell;basic;
46;60;FungalCellAlveolus;0;OnAEC1Swelling;1.41416;41.3483;-108.732;-6.32216;Mothercell;basic;
46;90;FungalCellAlveolus;0;OnAEC1Swelling;1.46005;41.3483;-108.732;-6.32216;Mothercell;basic;
46;120;FungalCellAlveolus;0;OnAEC1Swelling;1.57516;41.3483;-108.732;-6.32216;Mothercell;basic;
46;150;FungalCellAlveolus;0;OnAEC1Swelling;1.79048;41.3483;-108.732;-6.32216;Mothercell;basic;
46;180;FungalCellAlveolus;0;OnAEC1Swelling;2.03627;41.3483;-108.732;-6.32216;Mothercell;basic;
46;210;FungalCellAlveolus;0;OnAEC1Swelling;2.19832;41.3483;-108.732;-6.32216;Mothercell;basic;
46;240;FungalCellAlveolus;0;OnAEC1Swelling;2.27035;41.3483;-108.732;-6.32216;Mothercell;basic;
46;270;FungalCellAlveolus;0;OnAEC1Swelling;2.29669;41.3483;-108.732;-6.32216;Mothercell;basic;
46;300;FungalCellAlveolus;0;OnAEC1Swelling;2.30562;41.3483;-108.732;-6.32216;Mothercell;basic;
46;330;FungalCellAlveolus;0;OnAEC1Swelling;2.30857;41.3483;-108.732;-6.32216;Mothercell;basic;
46;360;FungalCellAlveolus;0;OnAEC1Swelling;2.30953;41.3483;-108.732;-6.32216;Mothercell;basic;
46;390;FungalCellAlveolus;0;OnAEC1Swelling;2.30985;41.3483;-108.732;-6.32216;Mothercell;basic;
46;420;FungalCellAlveolus;0;OnAEC1Swelling;2.30995;41.3483;-108.732;-6.32216;Mothercell;basic;
46;450;FungalCellAlveolus;0;OnAEC1Swelling;2.30998;41.3483;-108.732;-6.32216;Mothercell;basic;
46;480;FungalCellAlveolus;0;OnAEC1Swelling;2.30999;41.3483;-108.732;-6.32216;Mothercell;basic;
47;0;FungalCellAlveolus;0;FungalOnAEC1;1.39;-20.2271;-99.1553;57.7178;Mothercell;basic;
47;30;FungalCellAlveolus;0;OnAEC1Swelling;1.39805;-20.2271;-99.1553;57.7178;Mothercell;basic;
47;60;FungalCellAlveolus;0;OnAEC1Swelling;1.41416;-20.2271;-99.1553;57.7178;Mothercell;basic;
47;90;FungalCellAlveolus;0;OnAEC1Swelling;1.46005;-20.2271;-99.1553;57.7178;Mothercell;basic;
47;120;FungalCellAlveolus;0;OnAEC1Swelling;1.57516;-20.2271;-99.1553;57.7178;Mothercell;basic;
47;150;FungalCellAlveolus;0;OnAEC1Swelling;1.79048;-20.2271;-99.1553;57.7178;Mothercell;basic;
47;180;FungalCellAlveolus;0;OnAEC1Swelling;2.03627;-20.2271;-99.1553;57.7178;Mothercell;basic;
47;210;FungalCellAlveolus;0;OnAEC1Swelling;2.19832;-20.2271;-99.1553;57.7178;Mothercell;basic;
47;240;FungalCellAlveolus;0;OnAEC1Swelling;2.27035;-20.2271;-99.1553;57.7178;Mothercell;basic;
47;270;FungalCellAlveolus;0;OnAEC1Swelling;2.29669;-20.2271;-99.1553;57.7178;Mothercell;basic;
47;300;FungalCellAlveolus;0;OnAEC1Swelling;2.30562;-20.2271;-99.1553;57.7178;Mothercell;basic;
47;330;FungalCellAlveolus;0;OnAEC1Swelling;2.30857;-20.2271;-99.1553;57.7178;Mothercell;basic;
47;360;FungalCellAlveolus;0;OnAEC1Swelling;2.30953;-20.2271;-99.1553;57.7178;Mothercell;basic;
47;390;FungalCellAlveolus;0;OnAEC1Swelling;2.30985;-20.2271;-99.1553;57.7178;Mothercell;basic;
47;420;FungalCellAlveolus;0;OnAEC1Swelling;2.30995;-20.2271;-99.1553;57.7178;Mothercell;basic;
47;450;FungalCellAlveolus;0;OnAEC1Swelling;2.30998;-20.2271;-99.1553;57.7178;Mothercell;basic;
47;480;FungalCellAlveolus;0;OnAEC1Swelling;2.30999;-20.2271;-99.1553;57.7178;Mothercell;basic;
48;0;FungalCellAlveolus;0;FungalOnAEC1;1.39;-77.9223;-71.1288;-49.4072;Mothercell;basic;
48;30;FungalCellAlveolus;0;OnAEC1Swelling;1.39805;-77.9223;-71.1288;-49.4072;Mothercell;basic;
48;60;FungalCellAlveolus;0;OnAEC1Swelling;1.41416;-77.9223;-71.1288;-49.4072;Mothercell;basic;
48;90;FungalCellAlveolus;0;OnAEC1Swelling;1.46005;-77.9223;-71.1288;-49.4072;Mothercell;basic;
48;120;FungalCellAlveolus;0;OnAEC1Swelling;1.57516;-77.9223;-71.1288;-49.4072;Mothercell;basic;
48;150;FungalCellAlveolus;0;OnAEC1Swelling;1.79048;-77.9223;-71.1288;-49.4072;Mothercell;basic;
48;180;FungalCellAlveolus;0;OnAEC1Swelling;2.03627;-77.9223;-71.1288;-49.4072;Mothercell;basic;
48;210;FungalCellAlveolus;0;OnAEC1Swelling;2.19832;-77.9223;-71.1288;-49.4072;Mothercell;basic;
48;240;FungalCellAlveolus;0;OnAEC1Swelling;2.27035;-77.9223;-71.1288;-49.4072;Mothercell;basic;
48;270;FungalCellAlveolus;0;OnAEC1Swelling;2.29669;-77.9223;-71.1288;-49.4072;Mothercell;basic;
48;300;FungalCellAlveolus;0;OnAEC1Swelling;2.30562;-77.9223;-71.1288;-49.4072;Mothercell;basic;
48;330;FungalCellAlveolus;0;OnAEC1Swelling;2.30857;-77.9223;-71.1288;-49.4072;Mothercell;basic;
48;360;FungalCellAlveolus;0;OnAEC1Swelling;2.30953;-77.9223;-71.1288;-49.4072;Mothercell;basic;
48;390;FungalCellAlveolus;0;OnAEC1Swelling;2.30985;-77.9223;-71.1288;-49.4072;Mothercell;basic;
48;420;FungalCellAlveolus;0;OnAEC1Swelling;2.30995;-77.9223;-71.1288;-49.4072;Mothercell;basic;
48;450;FungalCellAlveolus;0;OnAEC1Swelling;2.30998;-77.9223;-71.1288;-49.4072;Mothercell;basic;
48;480;FungalCellAlveolus;0;OnAEC1Swelling;2.30999;-77.9223;-71.1288;-49.4072;Mothercell;basic;
49;0;FungalCellAlveolus;0;FungalOnAEC1;1.39;-43.8212;94.4131;52.327;Mothercell;basic;
49;30;FungalCellAlveolus;0;OnAEC1Swelling;1.39802;-43.8212;94.4131;52.327;Mothercell;basic;
49;60;FungalCellAlveolus;0;OnAEC1Swelling;1.41407;-43.8212;94.4131;52.327;Mothercell;basic;
49;90;FungalCellAlveolus;0;OnAEC1Swelling;1.45981;-43.8212;94.4131;52.327;Mothercell;basic;
49;120;FungalCellAlveolus;0;OnAEC1Swelling;1.57461;-43.8212;94.4131;52.327;Mothercell;basic;
49;150;FungalCellAlveolus;0;OnAEC1Swelling;1.78964;-43.8212;94.4131;52.327;Mothercell;basic;
49;180;FungalCellAlveolus;0;OnAEC1Swelling;2.03555;-43.8212;94.4131;52.327;Mothercell;basic;
49;210;FungalCellAlveolus;0;OnAEC1Swelling;2.19795;-43.8212;94.4131;52.327;Mothercell;basic;
49;240;FungalCellAlveolus;0;OnAEC1Swelling;2.2702;-43.8212;94.4131;52.327;Mothercell;basic;
49;270;FungalCellAlveolus;0;OnAEC1Swelling;2.29664;-43.8212;94.4131;52.327;Mothercell;basic;
49;300;FungalCellAlveolus;0;OnAEC1Swelling;2.3056;-43.8212;94.4131;52.327;Mothercell;basic;
49;330;FungalCellAlveolus;0;OnAEC1Swelling;2.30856;-43.8212;94.4131;52.327;Mothercell;basic;
49;360;FungalCellAlveolus;0;OnAEC1Swelling;2.30953;-43.8212;94.4131;52.327;Mothercell;basic;
49;390;FungalCellAlveolus;0;OnAEC1Swelling;2.30985;-43.8212;94.4131;52.327;Mothercell;basic;
49;420;FungalCellAlveolus;0;OnAEC1Swelling;2.30995;-43.8212;94.4131;52.327;Mothercell;basic;
49;450;FungalCellAlveolus;0;OnAEC1Swelling;2.30998;-43.8212;94.4131;52.327;Mothercell;basic;
49;480;FungalCellAlveolus;0;OnAEC1Swelling;2.30999;-43.8212;94.4131;52.327;Mothercell;basic;
50;0;FungalCellAlveolus;0;FungalOnAEC1;1.39;-99.0281;43.1363;43.6456;Mothercell;basic;
50;30;FungalCellAlveolus;0;OnAEC1Swelling;1.39805;-99.0281;43.1363;43.6456;Mothercell;basic;
50;60;FungalCellAlveolus;0;OnAEC1Swelling;1.41416;-99.0281;43.1363;43.6456;Mothercell;basic;
50;90;FungalCellAlveolus;0;OnAEC1Swelling;1.46005;-99.0281;43.1363;43.6456;Mothercell;basic;
50;120;FungalCellAlveolus;0;OnAEC1Swelling;1.57516;-99.0281;43.1363;43.6456;Mothercell;basic;
50;150;FungalCellAlveolus;0;OnAEC1Swelling;1.79048;-99.0281;43.1363;43.6456;Mothercell;basic;
50;180;FungalCellAlveolus;0;OnAEC1Swelling;2.03627;-99.0281;43.1363;43.6456;Mothercell;basic;
50;210;FungalCellAlveolus;0;OnAEC1Swelling;2.19832;-99.0281;43.1363;43.6456;Mothercell;basic;
50;240;FungalCellAlveolus;0;OnAEC1Swelling;2.27035;-99.0281;43.1363;43.6456;Mothercell;basic;
50;270;FungalCellAlveolus;0;OnAEC1Swelling;2.29669;-99.0281;43.1363;43.6456;Mothercell;basic;
50;300;FungalCellAlveolus;0;OnAEC1Swelling;2.30562;-99.0281;43.1363;43.6456;Mothercell;basic;
50;330;FungalCellAlveolus;0;OnAEC1Swelling;2.30857;-99.0281;43.1363;43.6456;Mothercell;basic;
50;360;FungalCellAlveolus;0;OnAEC1Swelling;2.30953;-99.0281;43.1363;43.6456;Mothercell;basic;
50;390;FungalCellAlveolus;0;OnAEC1Swelling;2.30985;-99.0281;43.1363;43.6456;Mothercell;basic;
50;420;FungalCellAlveolus;0;OnAEC1Swelling;2.30995;-99.0281;43.1363;43.6456;Mothercell;basic;
50;450;FungalCellAlveolus;0;OnAEC1Swelling;2.30998;-99.0281;43.1363;43.6456;Mothercell;basic;
50;480;FungalCellAlveolus;0;OnAEC1Swelling;2.30999;-99.0281;43.1363;43.6456;Mothercell;basic;
